arxiv_id,titulo,autores,categoria_principal,categorias,data_publicacao,data_atualizacao,doi,journal_ref,comentario,resumo,pdf_url
http://arxiv.org/abs/2608.03938v1,Bimanual Manipulation Within an 8 GB Budget: Zero-Copy Sensing and Quantized ACT on an Entry-Level Jetson,Ekansh Singh; Eva Samuel; Alessandra Reneau; Ryan Schmeelk; Yashvi Gandhi,cs.RO,cs.RO; eess.SY,2026-08-04T17:09:41Z,2026-08-04T17:09:41Z,,,"9 pages, 8 tables. Work conducted at the Georgia Tech Research Institute (GTRI), Aerospace, Transportation and Advanced Systems Laboratory (ATAS)","Bimanual manipulation policies trained with imitation learning are typically evaluated on workstation or datacenter-class GPUs, leaving the cost of deploying them on embedded hardware largely uncharacterized. We present a bimanual SO-101 system running entirely on an NVIDIA Jetson Orin Nano Super (8 GB), the entry-level tier of NVIDIA's embedded line, using a desktop GPU (RTX 3070) only for offline training, evaluated on pick-and-place of a deformable beanbag. First, we build a GStreamer capture pipeline backed by NVMM buffers that removes redundant host-device copies from three-camera sensing. Contrary to expectation, the conventional path fit the memory budget and dropped no frames; what zero-copy sensing recovers is CPU headroom (peak single-core utilization 98.0% to 77.0%) and worst-case latency (117.31 ms to 101.52 ms). Second, we train ACT and Diffusion Policy on identical demonstrations, each at its own reference budget (100k gradient steps for ACT, 200k for Diffusion Policy). ACT converges to a task-competent policy (19/20 trials) while Diffusion Policy does not converge to a usable one (0/10) even at twice the step count, which we attribute to differing convergence costs rather than an accuracy ceiling. Third, we convert ACT to TensorRT. FP16 reduces mean inference latency from 114.02 ms to 17.93 ms (6.4x) and INT8 to 12.65 ms (9.0x), with task success preserved at all three precisions (19/20, 18/20, 19/20). We report two findings not previously documented for ACT: TensorRT's general-purpose INT8 calibration quantizes the ResNet18 backbone but accepts zero of 145 transformer layers, explaining INT8's negligible size reduction over FP16 (0.9%) despite a further 28% latency gain; and the need for quantization is conditional on ACT's action-chunking configuration, feasible in full precision at n_action_steps = 100 but not at the per-step re-prediction temporal ensembling requires.",https://arxiv.org/pdf/2608.03938v1
http://arxiv.org/abs/2608.00927v1,AgriJetsonBench: External-Power-Referenced TensorRT Benchmarking of Agricultural Vision Models on Jetson Edge Platforms,Hasan Jahanifar; Hasan Mirzakhaninafchi; Wesley M. Porter; Abolfazl Najar; Glen C. Rains,cs.PF,cs.PF,2026-08-02T01:47:33Z,2026-08-02T01:47:33Z,,,,"Agricultural vision models are often selected from validation accuracy and reported frames per second, but deployment on embedded agricultural edge-GPU systems also depends on timing boundary, numeric precision, power mode, board-input energy, and sustained-run validity. We present AgriJetsonBench, a reproducible deployment benchmark for crop/weed detection and segmentation on NVIDIA Jetson AGX Orin 64GB and Jetson Orin Nano Super. Existing locked agricultural datasets were used as fixed deployment workloads, and seven model families were exported through ONNX and TensorRT. The benchmark combines pure TensorRT engine timing, external board-input power logging, internal Jetson telemetry, battery-continuation testing, run-validity screening, and archived reproducibility artifacts. Main energy tests used YOLO11s and SegFormer-B0 at batch size 1 and $640 \times 640$. Under matched 15 W INT8 operation, Orin Nano Super outperformed AGX Orin on both workloads: YOLO11s reached 145.82 FPS and 0.0767 J/inference versus 80.90 FPS and 0.1814 J/inference, and SegFormer-B0 reached 47.18 FPS and 0.2808 J/inference versus 31.95 FPS and 0.5013 J/inference. In native SegFormer-B0 FP16 operation, AGX Orin achieved higher throughput and lower p95 latency than Nano Super, 103.61 FPS and 9.441 ms versus 67.47 FPS and 15.020 ms, with similar energy per inference. Time-aligned analysis of 76,691 internal--external power samples showed high temporal association but a pooled internal-minus-external bias of $-1.988$ W. The results show that agricultural Jetson deployment decisions should be based on workload, precision, power mode, and measurement boundary rather than board class alone.",https://arxiv.org/pdf/2608.00927v1
http://arxiv.org/abs/2607.26855v1,"NeoRacer: An Open, Standardized 1:12 Scale Autonomous Race Car for Benchmarking and Education",Koneshka Bandyopadhyay; Ansh Mehta; Bassel El Mabsout; Renato Mancuso,cs.RO,cs.RO; eess.SY,2026-07-29T12:39:39Z,2026-07-29T12:39:39Z,,,,"Many scientific fields rely on standard benchmarks and shared platforms to improve review and reproducibility, but autonomous systems research still lacks widely accepted open hardware. Where standardization has emerged, progress has accelerated. This is especially evident in autonomous racing, where teams often build custom systems or buy niche, expensive vehicles, making control and robotics research and education hard to compare and reproduce. High costs also limit access outside well-funded labs, while affordable educational robots are often underpowered. To address this gap, we present NeoRacer, an open-source 1:12 scale autonomous racing platform. It is built around an NVIDIA Jetson Orin Nano (67 TOPS), a 270° LiDAR, a 120 fps global-shutter camera, and a 9-axis IMU. NeoRacer ships pre-assembled for USD 2,699, offering over 3x the compute of comparable platforms at less than half the cost of the nearest pre-assembled alternative. Co-developed by the Neobotics Foundation and Seeed Studio, and manufactured by Seeed Studio, NeoRacer combines open hardware and software design with scalable, repeatable production. The modular, extensible platform provides a standardized benchmarking environment for autonomous racing algorithms across institutions. We describe the hardware/software architecture, design decisions from two pilot deployments (MIT IAP, 15 students; BU CPS Lab, 10 students), and key cost-performance tradeoffs. Hardware is licensed under CERN-OHL-S v2 and software under GPLv3, with all design files, firmware, and ROS2 packages publicly accessible.",https://arxiv.org/pdf/2607.26855v1
http://arxiv.org/abs/2607.26238v1,"Lightweight Image Classification of Raptor Species for Edge Devices: Rare-Species Dataset Expansion via Video Frame Extraction, Knowledge Distillation, and TensorRT Deployment",Takeshi Nishikawa,cs.CV,cs.CV; cs.LG; eess.IV,2026-07-28T20:19:25Z,2026-07-28T20:19:25Z,,,"21 pages, 4 figures, 14 tables. English translation of a paper submitted to IPSJ (in Japanese); the Japanese version is the source of record","We investigate lightweight raptor-species classification for real-time edge deployment in wind-turbine collision mitigation. Using DINOv2-L (304M parameters) as a teacher, we distilled three lightweight students (MobileNetV4, ViT-Small, and EfficientNet-B0). To reduce confusion between closely related species, we expanded the dataset to 12,519 images, including an increase in Steller's Sea Eagle images from 463 to 2,050 via video-frame extraction. Under a group split that separates samples at the video- and source-image level to mitigate source leakage at that granularity, the three-student ensemble achieved a macro recall of 0.935 +/- 0.004 over five distillation seeds (0.955 on a conventional image-level split, retaining 97.5% of the teacher's macro recall) with roughly one-eighth as many parameters. On a subset of 1,258 images disjoint from the former training images, White-tailed Eagle recall improved by up to 38.6 percentage points, while the rate at which it was misclassified as the Steller's Sea Eagle decreased from 61% to 15% of errors. TensorRT FP16 deployment of EfficientNet-B0 on an NVIDIA Jetson Orin Nano achieved 3.19 ms/image including host-device transfer (313 images/s), with 99.95% argmax agreement with FP32. In five-seed controlled comparisons, neither distillation (versus CE-only) nor the change from a DINOv2-L to a DINOv3-L teacher yielded a clear ensemble-level improvement; the primary gains stem from the dataset expansion and teacher re-fine-tuning.",https://arxiv.org/pdf/2607.26238v1
http://arxiv.org/abs/2607.18149v1,Differentiable Logic Gate Networks for Low-Latency EEG Classification on Edge Devices,Shyamal Y. Dharia; Stephen D. Smith; Camilo E. Valderrama,cs.LG,cs.LG; cs.AI,2026-07-20T16:49:30Z,2026-07-20T16:49:30Z,,"Proceedings of the 39th Canadian Conference on Artificial Intelligence, PMLR 318:377-391, 2026","Published in the Proceedings of the 39th Canadian Conference on Artificial Intelligence, PMLR 318, pages 377-391, 2026. Conference version: https://proceedings.mlr.press/v318/dharia26a.html","Real-time EEG classification on edge devices is bottlenecked by the floating-point arithmetic of conventional neural networks. We investigated Differentiable Logic Gate Networks (Diff-Logic) as a hardware-native alternative that compiles models into pure Boolean circuits executable via bitwise CPU operations. Through rigorous iso-parameter experiments across four EEG datasets spanning two classification tasks, binary dementia detection and 3-class emotion recognition, we compared Diff-Logic against matched-capacity Multi-Layer Perceptron (MLP) and Binarized Neural Network (BNN) baselines at four complexity tiers (50k-500k parameters). On dementia screening, Diff-Logic achieved 80.2% Macro F1, outperforming the MLP baseline by 6.8%. On emotion recognition, the MLP retained a moderate performance advantage but incurred a 2.3$\times$ higher latency and 14$\times$ larger model size when deployed on a power-constrained (7W) Nvidia Jetson Orin Nano CPU (Single-core). Critically, Diff-Logic inference time remained nearly constant across a 10$\times$ increase in model scale, achieving a peak speedup of 2.9$\times$ over MLPs at the largest complexity tier. Our results establish logic-based neural architectures as a practical paradigm for resource-constrained brain-computer interfaces, achieving competitive or superior performance while natively satisfying the latency and memory constraints of portable edge deployment. Code is available on GitHub: https://github.com/Shyamal-Dharia/eeg-difflogic",https://arxiv.org/pdf/2607.18149v1
http://arxiv.org/abs/2607.13640v1,WarpGuard: Towards Control-Flow Attestation for Heterogeneous CPU-GPU Execution,Christian Lindenmeier; Meni Orenbach; Amro Awad; Fabian Schwarz; Fritz Alder; Ahmad Atamli,cs.CR,cs.CR,2026-07-15T09:32:43Z,2026-07-15T09:32:43Z,,,,"Heterogeneous CPU-GPU workloads are increasingly used in safety-critical embedded systems, yet no existing approach provides joint attestation of their execution. Prior Control-Flow Attestation (CFA) techniques focus on CPU-side CFA, while GPU attestation is limited to static, load-time verification and does not provide runtime guarantees. As a result, runtime attacks on GPU kernels and violations of the CPU-GPU interaction contract remain unaddressed. We present WarpGuard, the first composite CFA framework for heterogeneous CPU-GPU workloads. WarpGuard verifies execution against a unified control-flow graph (CFG) that captures both CPU and GPU components. It extends prior CFA techniques in two ways: it enables runtime CFA of GPU kernels by tracing their execution against kernel-specific CFGs, and it monitors kernel launch events and enforces per-call site policies to detect violations at the CPU-GPU boundary. These extensions address challenges arising from GPU parallelism and cross-device interactions. We implement WarpGuard using software-based instrumentation, requiring no specialized hardware or binary modifications. Our evaluation on an NVIDIA Jetson Orin Nano shows that WarpGuard detects GPU-side control-flow and cross-boundary attacks. Across microbenchmarks, SPECAccel, and eight TensorRT inference workloads, WarpGuard incurs moderate overheads, suggesting practicality for embedded safety-critical settings.",https://arxiv.org/pdf/2607.13640v1
http://arxiv.org/abs/2607.12599v1,Lightweight Multi-Scale Anomaly Detection for Resource-Constrained Edge Devices,Raheen Junaid Wani; Smruti R. Sarangi,cs.LG,cs.LG,2026-07-14T10:19:07Z,2026-07-14T10:19:07Z,,,"22 pages, 13 figures","Time-series anomaly detection is increasingly important in IoT systems, sensor networks, and edge monitoring applications, where models must operate under strict constraints on memory, latency, and power consumption. While recent deep-learning approaches have improved detection accuracy, many remain computationally expensive and often fail to capture subtle anomalies due to limited multi-scale sensitivity. Autoencoders are widely used for anomaly detection because they reconstruct normal patterns well, leading to elevated reconstruction errors for anomalous inputs. Their simplicity and efficiency also make them suitable lightweight backbones for handling multi-scale inputs. To address these challenges, we propose a Lightweight MultiScale AutoEncoder (LMSAE) network for univariate time-series anomaly detection, designed to be compact and computationally efficient. LMSAE leverages the Discrete Wavelet Transform (DWT) to extract multi-scale features and employs a multi-scale loss function to improve sensitivity to subtle or hidden anomalies. Experiments on benchmark datasets demonstrate competitive or superior detection performance despite using significantly fewer parameters and a model size of less than 500 KB. LMSAE also achieves low-latency, low-power inference on the NVIDIA Jetson Nano, with 9x reduction in inference latency and 2x reduction in power consumption, making it ideal for edge deployment.",https://arxiv.org/pdf/2607.12599v1
http://arxiv.org/abs/2607.06922v1,Latency-Constrained DNN Architecture Learning for Edge Systems using Zerorized Batch Normalization,Shuo Huai; Di Liu; Hao Kong; Weichen Liu; Ravi Subramaniam; Christian Makaya; Qian Lin,cs.LG,cs.LG; cs.CV,2026-07-08T02:35:25Z,2026-07-08T02:35:25Z,10.1016/j.future.2022.12.021,"Future Generation Computer Systems, Volume 142, Pages 314-327, 2023","15 pages. Author's accepted manuscript, published in Future Generation Computer Systems","Deep learning applications have been widely adopted on edge devices, to mitigate the privacy and latency issues of accessing cloud servers. Deciding the number of neurons during the design of a deep neural network to maximize performance is not intuitive. Particularly, many application scenarios are real-time and have a strict latency constraint, while conventional neural network optimization methods do not directly change the temporal cost of model inference for latency-critical edge systems. In this work, we propose a latency-oriented neural network learning method to optimize models for high accuracy while fulfilling the latency constraint. For efficiency, we also introduce a universal hardware-customized latency predictor to optimize this procedure to learn a model that satisfies the latency constraint by only a one-shot training process. The experiment results reveal that, compared to state-of-the-art methods, our approach can well-fit the 'hard' latency constraint and achieve high accuracy. Under the same training settings as the original model and satisfying a 34 ms latency constraint on the ImageNet-100 dataset, we reduce GoogLeNet's latency from 40.32 ms to 34 ms with a 0.14% accuracy reduction on the NVIDIA Jetson Nano. When coupled with quantization, our method can be further improved to only 0.04% drop for GoogLeNet. On the NVIDIA Jetson TX2, we compress VGG-19 from 119.98 ms to 34 ms and even improve its accuracy by 0.5%, and we scale GoogLeNet up from 20.27 ms to 34 ms and achieve higher accuracy by 0.78%. We also open source this framework at https://github.com/ntuliuteam/ZeroBN",https://arxiv.org/pdf/2607.06922v1
http://arxiv.org/abs/2606.21428v3,Does Mixture-of-Experts Actually Help Inference on Consumer and Edge Hardware? An Empirical Study,Alfarizy Alfarizy; Hung Truong Thanh Nguyen; René Richard; Roozbeh Razavi-Far; Hung Cao,cs.PF,cs.PF; cs.AI,2026-06-19T13:45:45Z,2026-07-09T17:35:35Z,,,"18 pages, 7 tables, 4 figures. Submitted to FAIEMA 2026. Code available at https://github.com/Analytics-Everywhere-Lab/edge-moe","Mixture-of-Experts (MoE) language models are often described as ideal for resource-constrained inference. Each token activates only a small subset of experts, so the per-token compute cost, in floating-point operations (FLOPs), resembles that of a much smaller dense model. Whether that FLOP advantage survives in practice is far less clear. We ask whether MoE models actually run faster and cheaper than comparable dense models on consumer-grade and edge hardware. We benchmark OLMoE-1B-7B (1.3 B active of 6.9 B total) against three dense baselines on an Apple M2 Pro and an NVIDIA Jetson Orin Nano 8 GB through llama$.$cpp, measuring throughput, memory, and on-device energy. The answer is device-dependent: OLMoE's active-parameter advantage is only partly realised on the laptop (~10% behind the same-active Llama-3.2-1B) and erodes on the edge device (~31% behind, at 2.1$\times$ the energy per token, with peak memory at the 8 GB ceiling). Patching llama$.$cpp to time the decode graph node-by-node shows routing accounts for under 9% of MoE-block compute on the cleaner edge backend, so the gap reflects total-parameter memory footprint, expert dispatch, and KV-cache pressure rather than routing. The implication is that on bandwidth-bound edge hardware, inference cost tracks total parameters, not active ones, and sparse activation does not buy back what the device is constrained on. These findings are bounded to one MoE model at this parameter scale and two devices, and we release the full measurement harness and per-run data.",https://arxiv.org/pdf/2606.21428v3
http://arxiv.org/abs/2606.17241v1,Beyond Benchmarks: Continuous Edge Inference for Fine-Grained Roadside Perception,Aditya Mishra; Haroon Lone,cs.CV,cs.CV; cs.RO; eess.SY,2026-06-15T19:39:55Z,2026-06-15T19:39:55Z,,,,"Continuous AI inference on resource-constrained edge hardware introduces deployment effects that are largely invisible to conventional benchmark evaluation, including temporal instability in streaming video, thermal throttling under sustained load, and workload-dependent performance variability. We present Edge-TSR, a deployment-oriented continuous edge inference system for sustained roadside perception on the NVIDIA Jetson Orin Nano. Edge-TSR integrates detection, tracking, fine-grained classification, and a lightweight track-aware temporal stabilization mechanism that improves streaming inference consistency with negligible computational overhead. Our central finding is that benchmark-centric evaluation systematically overstates deployed edge inference performance. Across three state-of-the-art baselines, we observe consistent 20-30% relative degradation when transitioning from static-image evaluation to real-world streaming deployment. Edge-TSR addresses this gap through temporal inference stabilization, recovering up to 10.16% classification accuracy over per-frame inference baselines while maintaining sustained real-time performance under continuous operation. We evaluate the complete system under diverse real-world deployment conditions, jointly characterizing inference quality, latency, throughput, and thermal behavior during long-duration operation. A 55-minute vehicular deployment over a 26 km route demonstrates sustained operation at 16.18 FPS within safe thermal limits on a single embedded device without cloud offload. Our findings show that deployment-aware evaluation and temporal inference stabilization are necessary components of continuously operating edge AI systems intended for real-world sensing deployments. We release a sample annotated streaming video evaluation dataset and full system implementation to support reproducible deployment-centric evaluation.",https://arxiv.org/pdf/2606.17241v1
http://arxiv.org/abs/2606.13891v1,TetraRL: A Self-Adaptive Runtime for On-Device Deep Reinforcement Learning Systems,Zexin Li; Soheil Shirvani; Cong Liu,eess.SY,eess.SY,2026-06-11T20:31:08Z,2026-06-11T20:31:08Z,,,Extension version of RTSS'23 and RTSS'24,"Autonomous robotic systems, including autonomous vehicles, drones, and mobile robots, increasingly rely on on-device Deep Reinforcement Learning (DRL) to adapt to dynamic environments. Unlike cloud-based solutions, embedded DRL must perform training and inference directly on resource-constrained hardware while maintaining timely decision-making. This creates a fundamental challenge: balancing four tightly coupled objectives, real-time performance, task reward, memory utilization, and energy consumption. Optimizing these objectives independently often leads to suboptimal behavior, while conventional multi-objective methods may violate resource constraints and compromise reliability. This paper presents TetraRL, a self-adaptive runtime framework for tetra-objective on-device DRL. TetraRL formulates embedded DRL as a unified optimization problem over real-time, reward, RAM, and reserve (energy) objectives, and employs a preference-conditioned reinforcement learning controller to dynamically navigate the resulting trade-off space. The framework integrates a unified resource-management abstraction, hardware-aware DVFS control, and a runtime Override Layer for robust constraint enforcement. We implement TetraRL on NVIDIA Jetson AGX Orin and Orin Nano platforms and evaluate it across diverse DRL environments. Results show that TetraRL effectively balances all four objectives, achieves competitive trade-offs under varying runtime preferences, and incurs negligible overhead. Moreover, a single trained policy can support runtime-switchable optimization goals, providing a practical foundation for resource-aware and self-adaptive on-device DRL.",https://arxiv.org/pdf/2606.13891v1
http://arxiv.org/abs/2606.06130v1,Towards Realistic 3D Sonar Simulation,Youssef Attia; Davide Costa; Francesco Wanderlingh; Filippo Campagnaro; Enrico Simetti,cs.RO,cs.RO,2026-06-04T13:16:32Z,2026-06-04T13:16:32Z,,,,"As underwater robotics research increasingly addresses complex 3D perception and autonomous navigation, the fidelity of sonar simulation has become a key factor in algorithm development. Current simulation frameworks typically rely on geometry-driven rendering, approximating 3D sonar as an underwater equivalent to LiDAR, which fails to account for fundamental acoustic phenomena such as refraction, multi-path interference, and phase-dependent signal formation. This paper proposes a modular architecture for realistic 3D sonar simulation that integrates GPU-accelerated graphics engines with physically grounded acoustic propagation principles. We implement a volumetric 3D sonar model within the NVIDIA Isaac Sim environment, modeled after the Water Linked 3D-15 sensor, and integrate it into a comprehensive underwater simulation framework. The system is validated through a hardware-in-the-loop configuration, where a modified FastLIO2 SLAM pipeline, executed on an NVIDIA Jetson Orin Nano, performs sensor fusion using synthetic 3D sonar, DVL, IMU, and pressure data. Finally, a qualitative comparison between simulated outputs and real-world data from harbor sheet-pile inspections is provided, characterizing the remaining sim-to-real gap and establishing a roadmap toward fully acoustics-driven volumetric sensing.",https://arxiv.org/pdf/2606.06130v1
http://arxiv.org/abs/2606.00524v1,Wire-Level Interrupt-to-Decision Latency of On-Sensor MLC versus Host Inference on the NVIDIA Jetson Orin Nano: A Pre-Registered Measurement Study,Akul Swami; Dnyaneshwar Sonawane,eess.SY,eess.SY,2026-05-30T04:38:13Z,2026-05-30T04:38:13Z,,,"4 pages, 1 figure, 1 table. Submitted to IEEE Sensors Letters","The Machine Learning Core (MLC) embedded in the STMicroelectronics LSM6DSOX IMU is widely cited as a low-latency alternative to host-side inference, yet wire-level decision-delivery latency is rarely measured. Using a Saleae Logic Pro 8 logic analyzer on an NVIDIA Jetson Orin Nano, we measured interrupt-to-decision latency (sensor INT1 edge to host decision GPIO) for three pipelines (a host-side decision-tree classifier, the standard MLC bank-switch read protocol, and an MLC binary-fast variant) under idle, I2C bus contention, and CPU stress. The protocol was pre-registered with 12 externally-timestamped Zenodo amendments before confirmatory data collection (4,770 of 4,860 trials included, 98.15%, across nine cells). The host pipeline exhibits lower median latency than the MLC pipeline under all conditions: 321.7 vs 681.5 us at idle (2.1x faster) and 574.5 vs 1,325.4 us under I2C contention (2.3x faster). The three-transaction I2C read protocol, not the silicon's classification, is the dominant latency contributor. We additionally characterize a reproducible 706.5 ms MLC decision cadence that bounds full stimulus-to-decision latency. Code, data, and pre-registration: github.com/akulswami/sensor-mlc-latency.",https://arxiv.org/pdf/2606.00524v1
http://arxiv.org/abs/2605.26330v1,NightSight: Passive Computation for Navigation in Dark Using Events,Deepak Singh; Brijan Vaghasiya; Shreyas Khobragade; Nitin Sanket,cs.RO,cs.RO,2026-05-25T21:07:44Z,2026-05-25T21:07:44Z,,,"6 pages, 7 figures","Small aerial robots are particularly well-suited for search and rescue in confined and hazardous environments due to their agility, low cost, and ability to traverse through cluttered spaces that are inaccessible to larger platforms. However, enabling autonomous navigation in complete darkness remains a significant challenge, because small aerial robots cannot easily accommodate perception systems that demand substantial payload, power, or computation. In this work, we present a lightweight perception approach that combines a monocular event camera, a coded aperture lens, and an infrared dot projector to enable navigation in such conditions. The projected pattern, when imaged through the coded aperture, produces depth dependent blur signatures that implicitly encode scene geometry. We train a convolutional neural network to decode these signatures into dense depth maps using only synthetic data generated from a simple planar wall setup. Despite this minimal training regime, the model generalizes zero-shot to complex real-world scenes. Our system operates in real time at 20 Hz on a NVIDIA Jetson Orin Nano, demonstrating suitability for resource-constrained platforms. We further analyze the impact of different coded aperture designs on depth estimation performance. Our approach gives high accuracy (l1 error 7.0cm) upto 2.5m range (2.80% error). These results highlight the potential of combining structured illumination, coded optics, and event-based sensing for enabling robust perception and navigation in complete darkness.",https://arxiv.org/pdf/2605.26330v1
http://arxiv.org/abs/2605.25682v1,Profiling-Driven Adaptive Distributed Transformer Inference on Embedded Edge Deployment,Muhammad Azlan Qazi; Alexandros Iosifidis; Qi Zhang,cs.DC,cs.DC; cs.AI,2026-05-25T10:39:28Z,2026-05-25T10:39:28Z,10.1145/3812836.3814999,,,"Distributing Transformer inference across embedded edge devices can alleviate individual memory and compute constraints, yet practical benefits on real hardware remain unclear: prior work relies largely on simulations that overlook hardware-specific communication overheads. We present a hardware prototype study on NVIDIA Jetson Orin Nano devices connected over WiFi. Our key finding is that the dominant bottleneck is not just network bandwidth but also the CPU-GPU staging during communication. Because Jetson's integrated GPU architecture lacks the PCIe/NVLink pathway that NCCL requires, all inter-device data communication should be routed through GLOO and staged in CPU memory; an overhead that scales with communication data volume and makes full-tensor exchange slower than single-device inference across the batch sizes for medium sized models such as ViT. We therefore evaluate Prism by combining Segment Means compression with lightweight offline profiling to adaptively select between local and distributed execution at runtime. Experiments show that this strategy reduces latency by 65%-77% and energy consumption by 34%-52% relative to full-tensor exchange in static distributed execution setup, demonstrating that profiling-driven adaptation is essential for practical distributed Transformer inference on embedded hardware.",https://arxiv.org/pdf/2605.25682v1
http://arxiv.org/abs/2605.24251v2,Rethinking Continual Anomaly Detection on the Edge: Benchmarking Under Realistic Industrial Conditions,Chad Weatherly; Sen Lin,cs.LG,cs.LG; cs.CV,2026-05-22T22:05:45Z,2026-06-29T19:41:40Z,,,Accepted to ECCV 2026,"Continual anomaly detection (CAD) addresses the need for industrial inspection systems to adapt to evolving production conditions, yet existing methods share three critical gaps: unrealistic evaluation, no systematic comparison, and no consideration of edge deployment constraints. We introduce a unified benchmark combining discrete-task evaluation on structural and logical anomalies, a novel continuous drift protocol, the first head-to-head comparison of all published CAD methods, and computational efficiency profiling on edge hardware. Our results reveal that existing CAD methods do not consistently outperform traditional approaches with simple experience replay. Thus motivated, we propose DINOSaur, a training-free method combining a frozen DINOv3 backbone with spatially-indexed coreset memory and neighborhood-restricted anomaly scoring. DINOSaur achieves zero forgetting by construction, outperforms all evaluated methods across all five protocols, and runs at sub-100\,ms inference on an NVIDIA Jetson Orin Nano, with on-device adaptation to new tasks in under 30 seconds.",https://arxiv.org/pdf/2605.24251v2
http://arxiv.org/abs/2605.23027v1,PIMbot: A Self-Adaptive Attack Framework for Adversarial Manipulation of Multi-Robot Reinforcement Learning,Zexin Li; Ziliang Zhang; Hyoseung Kim; Cong Liu,cs.RO,cs.RO,2026-05-21T20:50:47Z,2026-05-21T20:50:47Z,,,Extension version of IROS'23,"Recent research has demonstrated the potential of reinforcement learning in effective multi-robot collaboration, particularly in social dilemmas where robots face a trade-off between self-interest and collective benefits. However, environmental factors such as miscommunication and adversarial robots can impact cooperation, making it crucial to explore how multi-robot communication can be manipulated to achieve different outcomes. This paper presents PIMbot, a framework that manipulates outcomes via two complementary levers: (i) incentive manipulation of the reward channel and (ii) policy manipulation of an agent's own actions. An adaptive multi-objective controller balances these levers in an online manner. Our work introduces a novel approach to manipulation in recent multi-agent RL social dilemmas that utilize a unique reward function for incentivization. By utilizing our proposed PIMbot mechanisms, a robot is able to manipulate the social dilemma environment effectively. Comprehensive experimental results demonstrate the effectiveness of our proposed methods in the Gazebo-simulated multi-robot environment. Moreover, a real embedded device case study on NVIDIA Jetson Orin Nano quantifies system cost and validates PIMbot's effectiveness on realistic autonomous embedded systems scenarios beyond simulation. Together, these results position PIMbot as a rigorous stress-test tool exposing critical vulnerabilities in multi-robot cooperative tasks.",https://arxiv.org/pdf/2605.23027v1
http://arxiv.org/abs/2605.20760v1,SpineContextResUNet: A Computationally Efficient Residual UNet for Spine CT Segmentation,K S Nithurshen; Saurabh J. Shigwan,cs.CV,cs.CV,2026-05-20T06:00:23Z,2026-05-20T06:00:23Z,,,"2 Figures, 3 Tables","Automated segmentation of the vertebral column in Computed Tomography (CT) scans is a prerequisite for pathological assessment and surgical planning. However, state-of-the-art methods, particularly those based on Transformers or large-scale ensembles, demand substantial GPU resources, creating a barrier for clinical adoption in resource-constrained environments or on edge devices. To address this, we introduce SpineContextResUNet, a computationally efficient 3D Residual U-Net designed for rapid spinal localization. Our architecture integrates a lightweight Context Block that employs parallel multi-dilated convolutions to capture long-range anatomical dependencies without the high latency of Recurrent Neural Networks (RNNs) or the memory overhead of Self-Attention mechanisms. Extensive validation on two public benchmarks, VerSe2020 and CTSpine1K, demonstrates that our model achieves a Dice score of 88.17% and 88.13% respectively. To evaluate performance under strict hardware constraints, we compared our model against a bottlenecked SwinUNETR scaled to match our ~1.7M hardware footprint. While the constrained Transformer suffers severe performance degradation due to a lack of spatial inductive biases in a limited-data regime, our CNN-based approach successfully maintains high accuracy. Crucially, heavy baselines like TotalSegmentator fail due to memory exhaustion on commodity hardware (Intel Core i5, 8GB RAM), our model performs robust inference, making it a viable solution for point-of-care diagnostics and deployment on edge platforms like the Nvidia Jetson Orin Nano.",https://arxiv.org/pdf/2605.20760v1
http://arxiv.org/abs/2605.17701v1,Architecture Dependent Temporal Observability Under Deployment Interference in Edge Inference Systems,Akul Swami; Nikhil Chougule,eess.SY,eess.SY,2026-05-17T23:51:59Z,2026-05-17T23:51:59Z,,,"13 pages, 7 figures, 1 table. Workshop preprint","Edge inference systems are typically evaluated with software-reported latency collected under controlled conditions. We argue, and demonstrate empirically, that deployment interference can corrupt not only the inference timing being measured but the timing observability infrastructure that measures it, and that the two failures can occur independently. We pair software-reported timing with externally observable GPIO intervals captured by a Saleae Logic Pro 8 logic analyzer on an NVIDIA Jetson Orin Nano, running MobileNetV2 under two inference architectures (TensorRT FP16 GPU and ONNX Runtime CPU) across baseline, light memory pressure, and storage writeback stress. Across 35 paired capture runs (3500 samples) plus 3 storage-stress runs where external pairing failed (300 software-only samples), we observe three findings the software-only view does not surface. (1) The two architectures differ not only in mean latency but in distributional structure: TensorRT baseline clusters tightly near 1.23 ms (run-mean SD 15 us) while ORT CPU baseline is multimodal with run-mean SD 31.8 ms. (2) Light memory pressure inflates TensorRT P99 from 1.28 ms to 1.61 ms, while one of five ORT memory-stress runs collapses into a deterministic 198 ms regime rather than uniformly inflating variance. (3) All three TensorRT storage-stress runs produce complete software timing logs (100/100 iterations) alongside externally observable timing failures of three different kinds (full post-marker collapse, ~40% transition loss, and complete acquisition failure) -- while the runtime reports normal completion in every case. We claim, narrowly, that timing observability is itself an interference-sensitive resource, and that summary statistics from a single timing source can hide failure modes an independent external observer makes visible.",https://arxiv.org/pdf/2605.17701v1
http://arxiv.org/abs/2605.13108v1,Flow Augmentation and Knowledge Distillation for Lightweight Face Presentation Attack Detection,Muhammad Shahid Jabbar; Muhammad Sohail Ibrahim; Taha Hasan Masood Siddique; Kejie Huang; Shujaat Khan,cs.CV,cs.CV,2026-05-13T07:19:28Z,2026-05-13T07:19:28Z,,,Accepted at 2026 International Conference on Automatic Face and Gesture Recognition (FG),"Face presentation attack detection (FacePAD) remains challenging under diverse spoofing representation, including 2D print and replay, 3D mask-based spoofing, makeup-induced appearance manipulation, and physical occlusions, as well as under varying capture conditions. Motion cues are highly discriminative for FacePAD but typically require explicit optical flow estimation, which introduces substantial computational overhead and limits real-time deployment. In this work, we leverage optical flow to enhance motion representation during training while eliminating the need for flow computation at inference. We propose a dual-branch teacher model that fuses appearance cues from RGB frames with motion cues derived from colorwheel-encoded optical flow, enabling effective modeling of micro-motions and temporal consistency. To enable efficient deployment, we introduce a knowledge distillation framework that transfers motion-aware knowledge from the flow-augmented teacher to a lightweight RGB-only student via logit distillation. As a result, the student implicitly learns motion-sensitive representations without requiring explicit flow estimation or additional feature extraction blocks at inference. Extensive experiments demonstrate strong performance across multiple benchmarks, achieving 0.0% HTER on Replay-Attack and Replay-Mobile, 0.94% HTER on ROSE-Youtu, 5.65% HTER on SiW-Mv2, and 0.42% ACER on OULU-NPU. The distilled student achieves performance comparable to or better than the teacher while significantly reducing parameters and FLOPs, achieving 52 FPS on an NVIDIA Jetson Orin Nano, indicating its suitability for real-time and resource-constrained FacePAD deployment.",https://arxiv.org/pdf/2605.13108v1
http://arxiv.org/abs/2605.00146v1,"Real-Time Frame- and Event-based Object Detection with Spiking Neural Networks on Edge Neuromorphic Hardware: Design, Deployment and Benchmark",Udayanga G. W. K. N. Gamage; Yan Zeng; Cesar Cadena; Matteo Fumagalli; Silvia Tolu,cs.CV,cs.CV,2026-04-30T19:07:36Z,2026-04-30T19:07:36Z,10.1016/j.neucom.2026.133820,,"11 figures, 7 tables, 53 pages","Real-time object detection on energy-constrained platforms is critical for applications such as UAV-based inspection, autonomous navigation, and mobile robotics. Spiking neural networks (SNNs) on neuromorphic hardware are believed to be significantly more energy-efficient than conventional artificial neural networks (ANNs). In this work, we present a comprehensive methodology for designing general SNN detection architectures targeting neuromorphic platforms, along with the engineering adaptations required to deploy them on the state-of-the-art Neuromorphic processor, Intel Loihi 2. We benchmark SNN-based object detection on Loihi 2 using both frame-based and event-based datasets, comparing performance with ANN-based detection on the NVIDIA Jetson Orin Nano, NVIDIA Jetson Nano B01, and the Apple M2 CPU. Our results show that SNNs on Loihi 2 can perform real-time detection while achieving the lowest per-inference dynamic energy among all platforms. Also, Loihi 2 outperforms the other platforms in terms of power consumption, though ANNs on Jetson Orin Nano achieve higher inference rates. Furthermore, our ANN-to-SNN distillation-aware training enables SNNs to recover 87-100% of the detection accuracy of their ANN counterparts while maintaining lower inference latency; without distillation, SNNs exhibit an 11-27% accuracy drop. These results highlight the potential of neuromorphic systems for energy-efficient, real-time object detection at the edge.",https://arxiv.org/pdf/2605.00146v1
http://arxiv.org/abs/2604.24993v1,Laplace-Bridged Randomized Smoothing for Fast Certified Robustness,Miao Lin; MD Saifur Rahman Mazumder; Feng Yu; Daniel Takabi; Rui Ning,cs.LG,cs.LG,2026-04-27T20:57:22Z,2026-04-27T20:57:22Z,,,,"Randomized Smoothing (RS) offers formal $\ell_2$ guarantees for arbitrary base classifiers but faces two key practical bottlenecks: (i) it often relies on noise-augmented training to achieve nontrivial certificates, which increases training cost, can reduce clean accuracy, and weakens RS as a genuinely post-hoc defense; and (ii) certification is computationally expensive, typically requiring tens of thousands of noisy forward passes per input, which hinders deployment, especially on resource-constrained edge devices. To address both limitations, we propose Laplace-Bridged Smoothing (LBS), an analytic reformulation of RS that replaces high-dimensional input-space Monte Carlo (MC) sampling with efficient computations in a low-dimensional probability space. LBS preserves formal robustness guarantees without requiring noise-augmented training while substantially reducing certification burden. On CIFAR-10 and ImageNet, LBS attains stronger certified robustness than RS and reduces per-sample certification cost by nearly an order of magnitude. Notably, on NVIDIA Jetson Orin Nano and Raspberry Pi 4, LBS achieves speedups of up to $494\times$, enabling practical certified deployment on real-world edge devices. Finally, we provide theoretical justification for the analytic formulation and certificate validity of LBS.",https://arxiv.org/pdf/2604.24993v1
http://arxiv.org/abs/2604.23831v1,Architectural Isolation as a Timing Safety Primitive for Edge AI Medical Devices: Controlled Experimental Evidence on a Shared-Silicon Platform,Akul Mallayya Swami,cs.AR,cs.AR; eess.SY,2026-04-26T18:28:26Z,2026-04-26T18:28:26Z,,,"10 pages, 3 figures, 5 tables. Submitted to IEEE Embedded Systems Letters","A system can satisfy accuracy-based validation, maintain output stability (Safety-Threshold Exceedance Rate, STER, equal to zero), and still violate timing constraints under deployment load. These are structurally independent properties that current pre-market validation protocols often do not operationalize at the inference layer. This letter demonstrates their independence through a controlled same-hardware experiment: identical MobileNetV2 models are evaluated under identical adversarial load on two execution paths of the same NVIDIA Jetson Orin Nano Super, a dedicated GPU accelerator (TensorRT FP16, half-precision floating point) and a general-purpose CPU (ONNX Runtime FP32, single-precision floating point). Both paths maintain STER = 0; the CPU path (ONNX Runtime FP32) degrades 7.2x under combined load (mean latency 9.8x higher than the GPU path (TensorRT FP16), which maintains latency below 11 ms), breaching the 10 Hz clinical cycle budget by 65%. Joint STER and latency verification is proposed as a candidate method for operationalizing U.S. FDA Draft Guidance FDA-2024-D-4488 robustness requirements at the inference layer, subject to regulatory review and clinical validation.",https://arxiv.org/pdf/2604.23831v1
http://arxiv.org/abs/2604.14329v1,Interpretable Human Activity Recognition for Subtle Robbery Detection in Surveillance Videos,Bryan Jhoan Cazáres Leyva; Ulises Gachuz Davila; José Juan González Fonseca; Juan Irving Vasquez; Vanessa A. Camacho-Vázquez; Sergio Isahí Garrido-Castañeda,cs.CV,cs.CV,2026-04-15T18:37:28Z,2026-04-15T18:37:28Z,,,submitted to MCPR,"Non-violent street robberies (snatch-and-run) are difficult to detect automatically because they are brief, subtle, and often indistinguishable from benign human interactions in unconstrained surveillance footage. This paper presents a hybrid, pose-driven approach for detecting snatch-and-run events that combines real-time perception with an interpretable classification stage suitable for edge deployment. The system uses a YOLO-based pose estimator to extract body keypoints for each tracked person and computes kinematic and interaction features describing hand speed, arm extension, proximity, and relative motion between an aggressor-victim pair. A Random Forest classifier is trained on these descriptors, and a temporal hysteresis filter is applied to stabilize frame-level predictions and reduce spurious alarms. We evaluate the method on a staged dataset and on a disjoint test set collected from internet videos, demonstrating promising generalization across different scenes and camera viewpoints. Finally, we implement the complete pipeline on an NVIDIA Jetson Nano and report real-time performance, supporting the feasibility of proactive, on-device robbery detection.",https://arxiv.org/pdf/2604.14329v1
http://arxiv.org/abs/2604.10306v1,SatReg: Regression-based Neural Architecture Search for Lightweight Satellite Image Segmentation,Edward Humes; Tinoosh Mohsenin,cs.CV,cs.CV,2026-04-11T18:13:55Z,2026-04-11T18:13:55Z,,,,"As Earth-observation workloads move toward onboard and edge processing, remote-sensing segmentation models must operate under tight latency and energy constraints. We present SatReg, a regression-based hardware-aware tuning framework for lightweight remote-sensing segmentation on edge platforms. Using CM-UNet as the teacher architecture, we reduce the search space to two dominant width-related variables, profile a small set of student models on an NVIDIA Jetson Orin Nano, and fit low-order surrogate models for mIoU, latency, and power. Knowledge distillation is used to efficiently train the sampled students. The learned surrogates enable fast selection of near-optimal architecture settings for deployment targets without exhaustive search. Results show that the selected variables affect task accuracy and hardware cost differently, making reduced-space regression a practical strategy for adapting hybrid CNN-Mamba segmentation models to future space-edge systems.",https://arxiv.org/pdf/2604.10306v1
http://arxiv.org/abs/2604.07286v1,CADENCE: Context-Adaptive Depth Estimation for Navigation and Computational Efficiency,Timothy K Johnsen; Marco Levorato,cs.RO,cs.RO; cs.AI; cs.LG,2026-04-08T16:49:30Z,2026-04-08T16:49:30Z,,,"7 pages, 7 figures, Accepted for publication at IEEE World AI IoT Congress (AIIoT) 2026","Autonomous vehicles deployed in remote environments typically rely on embedded processors, compact batteries, and lightweight sensors. These hardware limitations conflict with the need to derive robust representations of the environment, which often requires executing computationally intensive deep neural networks for perception. To address this challenge, we present CADENCE, an adaptive system that dynamically scales the computational complexity of a slimmable monocular depth estimation network in response to navigation needs and environmental context. By closing the loop between perception fidelity and actuation requirements, CADENCE ensures high-precision computing is only used when mission-critical. We conduct evaluations on our released open-source testbed that integrates Microsoft AirSim with an NVIDIA Jetson Orin Nano. As compared to a state-of-the-art static approach, CADENCE decreases sensor acquisitions, power consumption, and inference latency by 9.67%, 16.1%, and 74.8%, respectively. The results demonstrate an overall reduction in energy expenditure by 75.0%, along with an increase in navigation accuracy by 7.43%.",https://arxiv.org/pdf/2604.07286v1
http://arxiv.org/abs/2604.06665v2,VDPP: Video Depth Post-Processing for Speed and Scalability,Daewon Yoon; Injun Baek; Sangyu Han; Yearim Kim; Nojun Kwak,cs.CV,cs.CV,2026-04-08T04:33:29Z,2026-04-21T04:26:24Z,,,"8 pages, 6 figures. Accepted to CVPR 2026 ECV Workshop. Project page: https://github.com/injun-baek/VDPP","Video depth estimation is essential for providing 3D scene structure in applications ranging from autonomous driving to mixed reality. Current end-to-end video depth models have established state-of-the-art performance. Although current end-to-end (E2E) models have achieved state-of-the-art performance, they function as tightly coupled systems that suffer from a significant adaptation lag whenever superior single-image depth estimators are released. To mitigate this issue, post-processing methods such as NVDS offer a modular plug-and-play alternative to incorporate any evolving image depth model without retraining. However, existing post-processing methods still struggle to match the efficiency and practicality of E2E systems due to limited speed, accuracy, and RGB reliance. In this work, we revitalize the role of post-processing by proposing VDPP (Video Depth Post-Processing), a framework that improves the speed and accuracy of post-processing methods for video depth estimation. By shifting the paradigm from computationally expensive scene reconstruction to targeted geometric refinement, VDPP operates purely on geometric refinements in low-resolution space. This design achieves exceptional speed (>43.5 FPS on NVIDIA Jetson Orin Nano) while matching the temporal coherence of E2E systems, with dense residual learning driving geometric representations rather than full reconstructions. Furthermore, our VDPP's RGB-free architecture ensures true scalability, enabling immediate integration with any evolving image depth model. Our results demonstrate that VDPP provides a superior balance of speed, accuracy, and memory efficiency, making it the most practical solution for real-time edge deployment. Our project page is at https://github.com/injun-baek/VDPP",https://arxiv.org/pdf/2604.06665v2
http://arxiv.org/abs/2604.04737v2,LEAN-3D: Low-latency Hierarchical Point Cloud Codec for Mobile 3D Streaming,Yuchen Gao; Qi Zhang,eess.SP,eess.SP,2026-04-06T15:04:11Z,2026-04-07T14:23:11Z,,,,"We aim to make learned point cloud compression deployable for low-latency streaming on mobile systems. While learned point cloud compression has shown strong coding efficiency, practical deployment on mobile platforms remains challenging because neural inference and entropy coding still incur substantial runtime overhead. This issue is critical for immersive 3D communication, where dense geometry must be delivered under tight end-to-end (E2E) latency and compute constraints. In this paper, we present LEAN-3D, a compute-aware point cloud codec for low-latency streaming. LEAN-3D designs a lightweight learned occupancy model at the shallow levels of a sparse occupancy hierarchy, where structural uncertainty is highest, and develops a lightweight deterministic coding scheme for the deep hierarchy tailored to the near-unary regime. We implement the complete encoder/decoder pipeline and evaluate it on an NVIDIA Jetson Orin Nano edge device and a desktop host. In addition, LEAN-3D addresses the decoding failures observed in cross-platform deployment of learned codecs. Such failures arise from numerical inconsistencies in lossless entropy decoding across heterogeneous platforms. Experiments show that LEAN-3D achieves 3-5x latency reduction across datasets, reduces total edge-side energy consumption by up to 5.1x, and delivers lower sustained E2E latency under bandwidth-limited streaming. These results bring learned point cloud compression closer to deployable mobile 3D streaming.",https://arxiv.org/pdf/2604.04737v2
http://arxiv.org/abs/2604.01802v2,Real-Time Sensing of Inaccessible Physical Fields via an Edge-Deployable Hardware-Portable Graph Neural Operator,William Howes; Jason Yoo; Kazuma Kobayashi; Subhankar Sarkar; Farid Ahmed; Souvik Chakraborty; Syed Bahauddin Alam,cs.LG,cs.LG,2026-04-02T09:14:59Z,2026-05-30T02:19:15Z,,,"36 pages, 5 figures, 16 tables","Real-time inference of inaccessible interior physical fields from sparse boundary observations is a fundamental but unresolved problem in scientific machine learning, with direct relevance to safety-critical monitoring across many engineering applications. Existing neural operators achieve high accuracy but leave deployment to embedded edge platforms unaddressed. Here we introduce VIRSO (Virtual Irregular Real-Time Sparse Operator), the first neural operator with a unique spatial-spectral architecture that explicitly addresses edge-deployment hardware. VIRSO learns a nonlinear mapping from sparse, geometrically disjoint boundary inputs to spatially continuous interior multiphysics fields on irregular unstructured meshes through a spectral-spatial decomposition explicitly aligned with hardware execution: a compute-bound graph spectral pathway and a memory-bandwidth-bound spatial-aggregation pathway, each independently characterized on datacenter and embedded accelerators. The design reduces the inference energy-delay product by 29$\times$ relative to the vanilla graph-operator baseline (206 J$\cdot$ms $\to$ 7.0 J$\cdot$ms on an NVIDIA H200) and enables 17.0 samples/s embedded inference on an NVIDIA Jetson Orin Nano within 7.06 W board-level power, without modification. A mesh-density-adaptive graph construction strategy (V-KNN) simultaneously improves accuracy and reduces graph edge count by 34%. Across three benchmarks with reconstruction ratios from 47:1 to 156:1, VIRSO achieves mean relative $L_2$ errors below 1% with fewer parameters than operator baselines and delivers an inference speedup of $\approx 10^4$ times over the high-fidelity reference solver. To our knowledge, this is the first demonstration of a single-digit-watt neural operator, establishing hardware co-design as a missing ingredient in operator-based inference and a tractable path to real-time deployment.",https://arxiv.org/pdf/2604.01802v2
http://arxiv.org/abs/2603.29627v1,Semantic Zone-Based Map Management for Stable AI-Integrated Mobile Robots,Huichang Yun; Seungho Yoo,cs.RO,cs.RO,2026-03-31T11:50:14Z,2026-03-31T11:50:14Z,,,,"Recent advances in large AI models (VLMs and LLMs) and joint use of the 3D dense maps, enable mobile robots to provide more powerful and interactive services grounded in rich spatial context. However, deploying both heavy AI models and dense maps on edge robots is challenging under strict memory budgets. When the memory budget is exceeded, required keyframes may not be loaded in time, which can degrade the stability of position estimation and interfering model performance. We proposes a semantic zone-based map management approach to stabilize dense-map utilization under memory constraints. We associate keyframes with semantic indoor regions (e.g., rooms and corridors) and keyframe management at the semantic zone level prioritizes spatially relevant map content while respecting memory constraints. This reduces keyframe loading and unloading frequency and memory usage. We evaluate the proposed approach in large-scale simulated indoor environments and on an NVIDIA Jetson Orin Nano under concurrent SLAM-VLM execution. With Qwen3.5:0.8b, the proposed method improves throughput by 3.3 tokens/s and reduces latency by 21.7% relative to a geometric map-management strategy. Furthermore, while the geometric strategy suffers from out-of-memory failures and stalled execution under memory pressure, the proposed method eliminates both issues, preserving localization stability and enabling robust VLM operation. These results demonstrate that the proposed approach enables efficient dense map utilization for memory constrained, AI-integrated mobile robots. Code is available at: https://github.com/huichangs/rtabmap/tree/segment",https://arxiv.org/pdf/2603.29627v1
http://arxiv.org/abs/2603.22899v1,Agile-VLA: Few-Shot Industrial Pose Rectification via Implicit Affordance Anchoring,Teng Yan; Zhengyang Pei; Chengyu Shi; Yue Yu; Yikun Chen; Zilong Zhu; Zelin Fang; Kaile Guo; Zihang Wang; Peigen Tian; Bingzhuo Zhong,cs.RO,cs.RO,2026-03-24T07:48:08Z,2026-03-24T07:48:08Z,,,8 pages. Submitted to IEEE/RSJ International Conference on Intelligent Robots and Systems (IROS) 2026,"Deploying Vision-Language-Action (VLA) models on resource-constrained edge platforms encounters a fundamental conflict between high-latency semantic inference and the high-frequency control required for dynamic manipulation. To address the challenge, this paper presents Agile-VLA, a hierarchical framework designed for industrial pose reorientation tasks on edge devices such as the NVIDIA Jetson Orin Nano. The core innovation is an Implicit Affordance Anchoring mechanism that directly maps geometric visual cues, specifically centroid and rim keypoint anchors, into structured parametric action primitives, thereby substantially reducing reliance on high-latency semantic inference during closed-loop control. By decoupling perception (10 Hz) from control (50 Hz) via an asynchronous dual-stream architecture, the system effectively mitigates the frequency mismatch inherent in edge-based robot learning. Experimental results on a standard 6-DoF manipulator demonstrate that Agile-VLA achieves robust rectification of complex, irregular workpieces using only 5-shot demonstrations through extrinsic dexterity.",https://arxiv.org/pdf/2603.22899v1
http://arxiv.org/abs/2604.09631v2,Hardware Utilization and Inference Performance of Edge Object Detection Under Fault Injection,Faezeh Pasandideh; Mehdi Azarafza; Achim Rettberg,cs.DC,cs.DC; cs.AI,2026-03-19T17:55:59Z,2026-05-15T11:58:05Z,,,,"As deep learning models are deployed on resource constrained edge platforms in autonomous driving systems, reli able knowledge of hardware behavior under resource degradation becomes an essential requirement. Therefore, we introduce a systematic characterization of CPU load, GPU utilization, RAM consumption, power draw, throughput, and thermal behaviour of TensorRT-optimized YOLOv10s, YOLOv11s and YOLO2026n pipelines running on NVIDIA Jetson Nano under a large-scale fault injection campaign targeting both lane-following and ob ject detection tasks. Faults are synthesized using a decoupled framework that leverages large language models (LLMs) and latent diffusion models (LDMs), based on original data from our JetBot platform data collection. Results show that across both tasks and both models the inference engines keep GPU occupancy stable, temperature rise under control, and power consumption within safe limits, while memory usage settles into a consistent release pattern after the initial warm-up phase. Object detection tends to show somewhat more variability in memory and thermal behavior, yet both tasks point to the same conclusion: the TensorRT pipelines hold up well even when the input data is heavily degraded. These findings offer a hardware-level view of model reliability that sits alongside, rather than against, the broader body of work focused on inference performance at the edge.",https://arxiv.org/pdf/2604.09631v2
http://arxiv.org/abs/2603.17275v1,"DANCE: Dynamic 3D CNN Pruning: Joint Frame, Channel, and Feature Adaptation for Energy Efficiency on the Edge",Mohamed Mejri; Ashiqur Rasul; Abhijit Chatterjee,cs.CV,cs.CV; cs.AI,2026-03-18T01:57:21Z,2026-03-18T01:57:21Z,,,,"Modern convolutional neural networks (CNNs) are workhorses for video and image processing, but fail to adapt to the computational complexity of input samples in a dynamic manner to minimize energy consumption. In this research, we propose DANCE, a fine-grained, input-aware, dynamic pruning framework for 3D CNNs to maximize power efficiency with negligible to zero impact on performance. In the proposed two-step approach, the first step is called activation variability amplification (AVA), and the 3D CNN model is retrained to increase the variance of the magnitude of neuron activations across the network in this step, facilitating pruning decisions across diverse CNN input scenarios. In the second step, called adaptive activation pruning (AAP), a lightweight activation controller network is trained to dynamically prune frames, channels, and features of 3D convolutional layers of the network (different for each layer), based on statistics of the outputs of the first layer of the network. Our method achieves substantial savings in multiply-accumulate (MAC) operations and memory accesses by introducing sparsity within convolutional layers. Hardware validation on the NVIDIA Jetson Nano GPU and the Qualcomm Snapdragon 8 Gen 1 platform demonstrates respective speedups of 1.37X and 2.22X, achieving up to 1.47X higher energy efficiency compared to the state of the art.",https://arxiv.org/pdf/2603.17275v1
http://arxiv.org/abs/2603.09051v2,"Cutting the Cord: System Architecture for Low-Cost, GPU-Accelerated Bimanual Mobile Manipulation",Artemis Shaw; Chen Liu; Justin Costa; Rane Gray; Alina Skowronek; Kevin Diaz; Nam Bui; Nikolaus Correll,cs.RO,cs.RO,2026-03-10T00:44:23Z,2026-03-21T18:13:20Z,,,,"We present a bimanual mobile manipulator built on the open-source XLeRobot with integrated onboard compute for less than \$1300. Key contributions include: (1) optimized mechanical design maximizing stiffness-to-weight ratio, (2) a Tri-Bus power topology isolating compute from motor-induced voltage transients, and (3) embedded autonomy using NVIDIA Jetson Orin Nano for untethered operation. The platform enables teleoperation, autonomous SLAM navigation, and vision-based manipulation without external dependencies, providing a low-cost alternative for research and education in robotics and robot learning.",https://arxiv.org/pdf/2603.09051v2
http://arxiv.org/abs/2602.14010v2,A Deployment-Friendly Foundational Framework for Efficient Computational Pathology,Yu Cai; Cheng Jin; Zhengyu Zhang; Jiabo Ma; Fengtao Zhou; Yingxue Xu; Zhengrui Guo; Yihui Wang; Zhengyu Zhang; Ling Liang; Yonghao Tan; Pingcheng Dong; Du Cai; On Ki Tang; Chenglong Zhao; Zhijian Cen; Ying Tan; Xi Wang; Can Yang; Yali Xu; Jing Cui; Zhenhui Li; Ronald Cheong Kin Chan; Yueping Liu; Feng Gao; Xiuming Zhang; Li Liang; Hao Chen; Kwang-Ting Cheng,cs.CV,cs.CV; cs.AI,2026-02-15T06:31:50Z,2026-08-04T04:54:14Z,,,,"Pathology foundation models (PFMs) generalize well across computational pathology tasks but remain costly for gigapixel whole-slide image analysis. Here, we present LitePath, a deployment-friendly framework that addresses model over-parameterization and patch-level redundancy. LitePath combines LiteFM, a compact model distilled from Virchow2, H-Optimus-1 and UNI2 using 190 million patches, with the Adaptive Patch Selector for task-specific patch selection. Compared with Virchow2, LitePath uses 28x fewer parameters and 403.5x fewer FLOPs. On an NVIDIA Jetson Orin Nano Super, it processes 208 slides per hour, 104.5x faster than Virchow2, and consumes 0.36 kWh per 3,000 slides, 171x less energy than Virchow2 on an RTX 3090 GPU. We evaluated LitePath on 45 multicenter cohorts across four organs and 33 tasks, comprising 37 classification and 8 survival cohorts, including 33 internal, 10 external and 2 prospective cohorts, with 17,837 slides from 9,977 patients disjoint from the pretraining data. Among 22 PFMs, LitePath achieved the best average rank (6.56 vs. 6.58 for Virchow2), retained 99.71% of Virchow2's Macro-AUC across classification cohorts, and improved mean C-index by 2.14 percentage points across survival cohorts (71.91% vs. 69.77%). We further introduce the Deployability Score (D-Score), a weighted geometric mean of normalized task performance and FLOPs. LitePath achieved the highest D-Score (0.8455), outperforming H0-mini (0.7723) and Virchow2 (0.7297). In a randomized paired crossover study of four pathologists and 120 cases, LitePath increased diagnostic accuracy by 4.1-15.8 percentage points and reduced diagnostic time by 10.9-14.2%. These results demonstrate rapid, cost-effective and energy-efficient pathology image analysis on accessible hardware while maintaining competitive performance.",https://arxiv.org/pdf/2602.14010v2
http://arxiv.org/abs/2602.13378v1,"LAF-YOLOv10 with Partial Convolution Backbone, Attention-Guided Feature Pyramid, Auxiliary P2 Head, and Wise-IoU Loss for Small Object Detection in Drone Aerial Imagery",Sohail Ali Farooqui; Zuhair Ahmed Khan Taha; Mohammed Mudassir Uddin; Shahnawaz Alam,cs.CV,cs.CV; cs.LG,2026-02-13T18:23:54Z,2026-02-13T18:23:54Z,,,,"Unmanned aerial vehicles serve as primary sensing platforms for surveillance, traffic monitoring, and disaster response, making aerial object detection a central problem in applied computer vision. Current detectors struggle with UAV-specific challenges: targets spanning only a few pixels, cluttered backgrounds, heavy occlusion, and strict onboard computational budgets. This study introduces LAF-YOLOv10, built on YOLOv10n, integrating four complementary techniques to improve small-object detection in drone imagery. A Partial Convolution C2f (PC-C2f) module restricts spatial convolution to one quarter of backbone channels, reducing redundant computation while preserving discriminative capacity. An Attention-Guided Feature Pyramid Network (AG-FPN) inserts Squeeze-and-Excitation channel gates before multi-scale fusion and replaces nearest-neighbor upsampling with DySample for content-aware interpolation. An auxiliary P2 detection head at 160$\times$160 resolution extends localization to objects below 8$\times$8 pixels, while the P5 head is removed to redistribute parameters. Wise-IoU v3 replaces CIoU for bounding box regression, attenuating gradients from noisy annotations in crowded aerial scenes. The four modules address non-overlapping bottlenecks: PC-C2f compresses backbone computation, AG-FPN refines cross-scale fusion, the P2 head recovers spatial resolution, and Wise-IoU stabilizes regression under label noise. No individual component is novel; the contribution is the joint integration within a single YOLOv10 framework. Across three training runs (seeds 42, 123, 256), LAF-YOLOv10 achieves 35.1$\pm$0.3\% mAP@0.5 on VisDrone-DET2019 with 2.3\,M parameters, exceeding YOLOv10n by 3.3 points. Cross-dataset evaluation on UAVDT yields 35.8$\pm$0.4\% mAP@0.5. Benchmarks on NVIDIA Jetson Orin Nano confirm 24.3 FPS at FP16, demonstrating viability for embedded UAV deployment.",https://arxiv.org/pdf/2602.13378v1
http://arxiv.org/abs/2601.22919v1,A Serverless Edge-Native Data Processing Architecture for Autonomous Driving Training,Fabian Bally; Michael Schötz; Thomas Limbrunner,cs.SE,cs.SE,2026-01-30T12:41:11Z,2026-01-30T12:41:11Z,,,Source code is available at https://github.com/LASFAS/jblambda,"Data is both the key enabler and a major bottleneck for machine learning in autonomous driving. Effective model training requires not only large quantities of sensor data but also balanced coverage that includes rare yet safety-critical scenarios. Capturing such events demands extensive driving time and efficient selection. This paper introduces the Lambda framework, an edge-native platform that enables on-vehicle data filtering and processing through user-defined functions. The framework provides a serverless-inspired abstraction layer that separates application logic from low-level execution concerns such as scheduling, deployment, and isolation. By adapting Function-as-a-Service (FaaS) principles to resource-constrained automotive environments, it allows developers to implement modular, event-driven filtering algorithms while maintaining compatibility with ROS 2 and existing data recording pipelines. We evaluate the framework on an NVIDIA Jetson Orin Nano and compare it against native ROS 2 deployments. Results show competitive performance, reduced latency and jitter, and confirm that lambda-based abstractions can support real-time data processing in embedded autonomous driving systems. The source code is available at https://github.com/LASFAS/jblambda.",https://arxiv.org/pdf/2601.22919v1
http://arxiv.org/abs/2601.17550v2,AsterNav: Autonomous Aerial Robot Navigation In Darkness Using Passive Computation,Deepak Singh; Shreyas Khobragade; Nitin J. Sanket,cs.RO,cs.RO,2026-01-24T18:41:40Z,2026-01-29T18:09:09Z,10.1109/LRA.2026.3653388,,"8 pages, 10 figures, Published in IEEE Robotics And Automation Letters","Autonomous aerial navigation in absolute darkness is crucial for post-disaster search and rescue operations, which often occur from disaster-zone power outages. Yet, due to resource constraints, tiny aerial robots, perfectly suited for these operations, are unable to navigate in the darkness to find survivors safely. In this paper, we present an autonomous aerial robot for navigation in the dark by combining an Infra-Red (IR) monocular camera with a large-aperture coded lens and structured light without external infrastructure like GPS or motion-capture. Our approach obtains depth-dependent defocus cues (each structured light point appears as a pattern that is depth dependent), which acts as a strong prior for our AsterNet deep depth estimation model. The model is trained in simulation by generating data using a simple optical model and transfers directly to the real world without any fine-tuning or retraining. AsterNet runs onboard the robot at 20 Hz on an NVIDIA Jetson Orin$^\text{TM}$ Nano. Furthermore, our network is robust to changes in the structured light pattern and relative placement of the pattern emitter and IR camera, leading to simplified and cost-effective construction. We successfully evaluate and demonstrate our proposed depth navigation approach AsterNav using depth from AsterNet in many real-world experiments using only onboard sensing and computation, including dark matte obstacles and thin ropes (diameter 6.25mm), achieving an overall success rate of 95.5% with unknown object shapes, locations and materials. To the best of our knowledge, this is the first work on monocular, structured-light-based quadrotor navigation in absolute darkness.",https://arxiv.org/pdf/2601.17550v2
http://arxiv.org/abs/2601.07845v1,Edge-AI Perception Node for Cooperative Road-Safety Enforcement and Connected-Vehicle Integration,Shree Charran R; Rahul Kumar Dubey,cs.CV,cs.CV,2026-01-06T08:02:58Z,2026-01-06T08:02:58Z,,,,"Rapid motorization in emerging economies such as India has created severe enforcement asymmetries, with over 11 million recorded violations in 2023 against a human policing density of roughly one officer per 4000 vehicles. Traditional surveillance and manual ticketing cannot scale to this magnitude, motivating the need for an autonomous, cooperative, and energy efficient edge AI perception infrastructure. This paper presents a real time roadside perception node for multi class traffic violation analytics and safety event dissemination within a connected and intelligent vehicle ecosystem. The node integrates YOLOv8 Nano for high accuracy multi object detection, DeepSORT for temporally consistent vehicle tracking, and a rule guided OCR post processing engine capable of recognizing degraded or multilingual license plates compliant with MoRTH AIS 159 and ISO 7591 visual contrast standards. Deployed on an NVIDIA Jetson Nano with a 128 core Maxwell GPU and optimized via TensorRT FP16 quantization, the system sustains 28 to 30 frames per second inference at 9.6 W, achieving 97.7 percent violation detection accuracy and 84.9 percent OCR precision across five violation classes, namely signal jumping, zebra crossing breach, wrong way driving, illegal U turn, and speeding, without manual region of interest calibration. Comparative benchmarking against YOLOv4 Tiny, PP YOLOE S, and Nano DetPlus demonstrates a 10.7 percent mean average precision gain and a 1.4 times accuracy per watt improvement. Beyond enforcement, the node publishes standardized safety events of CAM and DENM type to connected vehicles and intelligent transportation system backends via V2X protocols, demonstrating that roadside edge AI analytics can augment cooperative perception and proactive road safety management within the IEEE Intelligent Vehicles ecosystem.",https://arxiv.org/pdf/2601.07845v1
http://arxiv.org/abs/2512.20861v2,Memory-Efficient Acceleration of Block Low-Rank Foundation Models on Resource Constrained GPUs,Pierre Abillama; Changwoo Lee; Juechu Dong; David Blaauw; Dennis Sylvester; Hun-Seok Kim,cs.LG,cs.LG; cs.AI,2025-12-24T00:41:13Z,2026-01-17T17:29:18Z,,,,"Recent advances in transformer-based foundation models have made them the default choice for many tasks, but their rapidly growing size makes fitting a full model on a single GPU increasingly difficult and their computational cost prohibitive. Block low-rank (BLR) compression techniques address this challenge by learning compact representations of weight matrices. While traditional low-rank (LR) methods often incur sharp accuracy drops, BLR approaches such as Monarch and BLAST can better capture the underlying structure, thus preserving accuracy while reducing computations and memory footprints. In this work, we use roofline analysis to show that, although BLR methods achieve theoretical savings and practical speedups for single-token inference, multi-token inference often becomes memory-bound in practice, increasing latency despite compiler-level optimizations in PyTorch. To address this, we introduce custom Triton kernels with partial fusion and memory layout optimizations for both Monarch and BLAST. On memory-constrained NVIDIA GPUs such as Jetson Orin Nano and A40, our kernels deliver up to $3.76\times$ speedups and $3\times$ model size compression over PyTorch dense baselines using CUDA backend and compiler-level optimizations, while supporting various models including Llama-7/1B, GPT2-S, DiT-XL/2, and ViT-B. Our code is available at https://github.com/pabillam/mem-efficient-blr.",https://arxiv.org/pdf/2512.20861v2
http://arxiv.org/abs/2512.19731v1,Exploring Deep-to-Shallow Transformable Neural Networks for Intelligent Embedded Systems,Xiangzhong Luo; Weichen Liu,cs.LG,cs.LG; cs.CV,2025-12-17T07:47:10Z,2025-12-17T07:47:10Z,,,Accepted by IEEE Transactions on Computer-Aided Design of Integrated Circuits and Systems,"Thanks to the evolving network depth, convolutional neural networks (CNNs) have achieved remarkable success across various embedded scenarios, paving the way for ubiquitous embedded intelligence. Despite its promise, the evolving network depth comes at the cost of degraded hardware efficiency. In contrast to deep networks, shallow networks can deliver superior hardware efficiency but often suffer from inferior accuracy. To address this dilemma, we propose Double-Win NAS, a novel deep-to-shallow transformable neural architecture search (NAS) paradigm tailored for resource-constrained intelligent embedded systems. Specifically, Double-Win NAS strives to automatically explore deep networks to first win strong accuracy, which are then equivalently transformed into their shallow counterparts to further win strong hardware efficiency. In addition to search, we also propose two enhanced training techniques, including hybrid transformable training towards better training accuracy and arbitrary-resolution elastic training towards enabling natural network elasticity across arbitrary input resolutions. Extensive experimental results on two popular intelligent embedded systems (i.e., NVIDIA Jetson AGX Xavier and NVIDIA Jetson Nano) and two representative large-scale datasets (i.e., ImageNet and ImageNet-100) clearly demonstrate the superiority of Double-Win NAS over previous state-of-the-art NAS approaches.",https://arxiv.org/pdf/2512.19731v1
http://arxiv.org/abs/2512.19726v1,"Tiny, On-Device Decision Makers with the MiniConv Library",Carlos Purves,cs.LG,cs.LG; cs.AI,2025-12-17T00:53:30Z,2025-12-17T00:53:30Z,,,"14 Pages, 5 Figures","Reinforcement learning (RL) has achieved strong results, but deploying visual policies on resource-constrained edge devices remains challenging due to computational cost and communication latency. Many deployments therefore offload policy inference to a remote server, incurring network round trips and requiring transmission of high-dimensional observations. We introduce a split-policy architecture in which a small on-device encoder, implemented as OpenGL fragment-shader passes for broad embedded GPU support, transforms each observation into a compact feature tensor that is transmitted to a remote policy head. In RL, this communication overhead manifests as closed-loop decision latency rather than only per-request inference latency. The proposed approach reduces transmitted data, lowers decision latency in bandwidth-limited settings, and reduces server-side compute per request, whilst achieving broadly comparable learning performance by final return (mean over the final 100 episodes) in single-run benchmarks, with modest trade-offs in mean return. We evaluate across an NVIDIA Jetson Nano, a Raspberry Pi 4B, and a Raspberry Pi Zero 2 W, reporting learning results, on-device execution behaviour under sustained load, and end-to-end decision latency and scalability measurements under bandwidth shaping. Code for training, deployment, and measurement is released as open source.",https://arxiv.org/pdf/2512.19726v1
http://arxiv.org/abs/2512.13880v1,Privacy-Enhancing Infant Cry Classification with Federated Transformers and Denoising Regularization,Geofrey Owino; Bernard Shibwabo,cs.LG,cs.LG; cs.AI; cs.SD,2025-12-15T20:33:24Z,2025-12-15T20:33:24Z,,,"This paper was accepted for presentation and presented at the 2025 International Conference on Computer Engineering, Network, and Intelligent Multimedia (CENIM 2025)","Infant cry classification can aid early assessment of infant needs. However, deployment of such solutions is limited by privacy concerns around audio data, sensitivity to background noise, and domain shift across recording environments. We present an end-to-end infant cry analysis pipeline that integrates a denoising autoencoder (DAE), a convolutional tokenizer, and a Transformer encoder trained using communication-efficient federated learning (FL). The system performs on-device denoising, adaptive segmentation, post hoc calibration, and energy-based out-of-distribution (OOD) abstention. Federated training employs a regularized control variate update with 8-bit adapter deltas under secure aggregation. Using the Baby Chillanto and Donate-a-Cry datasets with ESC-50 noise overlays, the model achieves a macro F1 score of 0.938, an AUC of 0.962, and an Expected Calibration Error (ECE) of 0.032, while reducing per-round client upload from approximately 36 to 42 MB to 3.3 MB. Real-time edge inference on an NVIDIA Jetson Nano (4 GB, TensorRT FP16) achieves 96 ms per one-second spectrogram frame. These results demonstrate a practical path toward privacy-preserving, noise-robust, and communication-efficient infant cry classification suitable for federated deployment.",https://arxiv.org/pdf/2512.13880v1
http://arxiv.org/abs/2512.11446v3,YawDD+: Frame-level Annotations for Accurate Yawn Prediction,Ahmed Mujtaba; Gleb Radchenko; Marc Masana; Radu Prodan,cs.CV,cs.CV,2025-12-12T10:33:17Z,2026-05-18T11:22:20Z,,,This paper is accepted in the 33rd IEEE International Conference on Image Processing (ICIP) 2026,"Driver fatigue remains a leading cause of road accidents, responsible for 24% of crashes. While yawning serves as an early behavioral indicator of fatigue, existing approaches face significant challenges due to the presence of systematic noise in video-annotated datasets arising from coarse temporal annotations. Training robust machine learning (ML) models requires rich supervisory labels that help learn salient features from the training data. Moreover, efficient on-device training and inference of models on edge devices is crucial in driver fatigue detection tasks to enable accurate real-time decisions on vehicles without reliance on cloud infrastructure. To address this issue, we develop a semi-automated labeling pipeline with human-in-the-loop verification to annotate YawDD videos to YawDD+ frame-level annotations, enabling more accurate model training on edge platforms such as NVIDIA Jetson NANO. Training the established MNasNet classifier and YOLOv11 detector architectures on YawDD+ improves frame accuracy by up to 6% and mAP by 5% over video-level supervision, achieving 99.34% classification accuracy and 95.69% detection mAP on Jetson NANO and AGX. Moreover, MNasNet completed the epoch time in just 8.69 min/epoch while delivering up to 115 frames-per-second (FPS) inference time on AGX, confirming that enhanced data quality alone supports on-device driver fatigue monitoring systems without server-side computation. The YawDD+ dataset and trained models are available online.",https://arxiv.org/pdf/2512.11446v3
http://arxiv.org/abs/2512.10628v1,K-Track: Kalman-Enhanced Tracking for Accelerating Deep Point Trackers on Edge Devices,Bishoy Galoaa; Pau Closas; Sarah Ostadabbas,cs.CV,cs.CV,2025-12-11T13:26:58Z,2025-12-11T13:26:58Z,,,,"Point tracking in video sequences is a foundational capability for real-world computer vision applications, including robotics, autonomous systems, augmented reality, and video analysis. While recent deep learning-based trackers achieve state-of-the-art accuracy on challenging benchmarks, their reliance on per-frame GPU inference poses a major barrier to deployment on resource-constrained edge devices, where compute, power, and connectivity are limited. We introduce K-Track (Kalman-enhanced Tracking), a general-purpose, tracker-agnostic acceleration framework designed to bridge this deployment gap. K-Track reduces inference cost by combining sparse deep learning keyframe updates with lightweight Kalman filtering for intermediate frame prediction, using principled Bayesian uncertainty propagation to maintain temporal coherence. This hybrid strategy enables 5-10X speedup while retaining over 85% of the original trackers' accuracy. We evaluate K-Track across multiple state-of-the-art point trackers and demonstrate real-time performance on edge platforms such as the NVIDIA Jetson Nano and RTX Titan. By preserving accuracy while dramatically lowering computational requirements, K-Track provides a practical path toward deploying high-quality point tracking in real-world, resource-limited settings, closing the gap between modern tracking algorithms and deployable vision systems.",https://arxiv.org/pdf/2512.10628v1
http://arxiv.org/abs/2512.09792v1,FastPose-ViT: A Vision Transformer for Real-Time Spacecraft Pose Estimation,Pierre Ancey; Andrew Price; Saqib Javed; Mathieu Salzmann,cs.CV,cs.CV,2025-12-10T16:11:00Z,2025-12-10T16:11:00Z,,,Accepted to WACV 2026. Preprint version,"Estimating the 6-degrees-of-freedom (6DoF) pose of a spacecraft from a single image is critical for autonomous operations like in-orbit servicing and space debris removal. Existing state-of-the-art methods often rely on iterative Perspective-n-Point (PnP)-based algorithms, which are computationally intensive and ill-suited for real-time deployment on resource-constrained edge devices. To overcome these limitations, we propose FastPose-ViT, a Vision Transformer (ViT)-based architecture that directly regresses the 6DoF pose. Our approach processes cropped images from object bounding boxes and introduces a novel mathematical formalism to map these localized predictions back to the full-image scale. This formalism is derived from the principles of projective geometry and the concept of ""apparent rotation"", where the model predicts an apparent rotation matrix that is then corrected to find the true orientation. We demonstrate that our method outperforms other non-PnP strategies and achieves performance competitive with state-of-the-art PnP-based techniques on the SPEED dataset. Furthermore, we validate our model's suitability for real-world space missions by quantizing it and deploying it on power-constrained edge hardware. On the NVIDIA Jetson Orin Nano, our end-to-end pipeline achieves a latency of ~75 ms per frame under sequential execution, and a non-blocking throughput of up to 33 FPS when stages are scheduled concurrently.",https://arxiv.org/pdf/2512.09792v1
http://arxiv.org/abs/2512.09343v2,Development and Testing for Perception Based Autonomous Landing of a Long-Range QuadPlane,Ashik E Rasul; Humaira Tasnim; Ji Yu Kim; Young Hyun Lim; Scott Schmitz; Bruce W. Jo; Hyung-Jin Yoon,cs.RO,cs.RO; cs.CV,2025-12-10T06:02:25Z,2025-12-11T04:44:06Z,,,,"QuadPlanes combine the range efficiency of fixed-wing aircraft with the maneuverability of multi-rotor platforms for long-range autonomous missions. In GPS-denied or cluttered urban environments, perception-based landing is vital for reliable operation. Unlike structured landing zones, real-world sites are unstructured and highly variable, requiring strong generalization capabilities from the perception system. Deep neural networks (DNNs) provide a scalable solution for learning landing site features across diverse visual and environmental conditions. While perception-driven landing has been shown in simulation, real-world deployment introduces significant challenges. Payload and volume constraints limit high-performance edge AI devices like the NVIDIA Jetson Orin Nano, which are crucial for real-time detection and control. Accurate pose estimation during descent is necessary, especially in the absence of GPS, and relies on dependable visual-inertial odometry. Achieving this with limited edge AI resources requires careful optimization of the entire deployment framework. The flight characteristics of large QuadPlanes further complicate the problem. These aircraft exhibit high inertia, reduced thrust vectoring, and slow response times further complicate stable landing maneuvers. This work presents a lightweight QuadPlane system for efficient vision-based autonomous landing and visual-inertial odometry, specifically developed for long-range QuadPlane operations such as aerial monitoring. It describes the hardware platform, sensor configuration, and embedded computing architecture designed to meet demanding real-time, physical constraints. This establishes a foundation for deploying autonomous landing in dynamic, unstructured, GPS-denied environments.",https://arxiv.org/pdf/2512.09343v2
http://arxiv.org/abs/2512.04883v2,SDG-Track: A Heterogeneous Observer-Follower Framework for High-Resolution UAV Tracking on Embedded Platforms,Jiawen Wen; Yu Hu; Suixuan Qiu; Jinshan Huang; Xiaowen Chu,cs.CV,cs.CV,2025-12-04T15:11:43Z,2026-05-23T03:19:07Z,,,Withdrawn by the authors due to unresolved authorship and public-disclosure authorization issues,"Real-time tracking of small unmanned aerial vehicles (UAVs) on edge devices faces a fundamental resolution-speed conflict. Downsampling high-resolution imagery to standard detector input sizes causes small target features to collapse below detectable thresholds. Yet processing native 1080p frames on resource-constrained platforms yields insufficient throughput for smooth gimbal control. We propose SDG-Track, a Sparse Detection-Guided Tracker that adopts an Observer-Follower architecture to reconcile this conflict. The Observer stream runs a high-capacity detector at low frequency on the GPU to provide accurate position anchors from 1920x1080 frames. The Follower stream performs high-frequency trajectory interpolation via ROI-constrained sparse optical flow on the CPU. To handle tracking failures from occlusion or model drift caused by spectrally similar distractors, we introduce Dual-Space Recovery, a training-free re-acquisition mechanism combining color histogram matching with geometric consistency constraints. Experiments on a ground-to-air tracking station demonstrate that SDG-Track achieves 35.1 FPS system throughput while retaining 97.2\% of the frame-by-frame detection precision. The system successfully tracks agile FPV drones under real-world operational conditions on an NVIDIA Jetson Orin Nano. Our paper code is publicly available at https://github.com/Jeffry-wen/SDG-Track",https://arxiv.org/pdf/2512.04883v2
http://arxiv.org/abs/2511.11307v1,6D Strawberry Pose Estimation: Real-time and Edge AI Solutions Using Purely Synthetic Training Data,Saptarshi Neil Sinha; Julius Kühn; Mika Silvan Goschke; Michael Weinmann,cs.CV,cs.CV; cs.RO,2025-11-14T13:51:24Z,2025-11-14T13:51:24Z,,,,"Automated and selective harvesting of fruits has become an important area of research, particularly due to challenges such as high costs and a shortage of seasonal labor in advanced economies. This paper focuses on 6D pose estimation of strawberries using purely synthetic data generated through a procedural pipeline for photorealistic rendering. We employ the YOLOX-6D-Pose algorithm, a single-shot approach that leverages the YOLOX backbone, known for its balance between speed and accuracy, and its support for edge inference. To address the lacking availability of training data, we introduce a robust and flexible pipeline for generating synthetic strawberry data from various 3D models via a procedural Blender pipeline, where we focus on enhancing the realism of the synthesized data in comparison to previous work to make it a valuable resource for training pose estimation algorithms. Quantitative evaluations indicate that our models achieve comparable accuracy on both the NVIDIA RTX 3090 and Jetson Orin Nano across several ADD-S metrics, with the RTX 3090 demonstrating superior processing speed. However, the Jetson Orin Nano is particularly suited for resource-constrained environments, making it an excellent choice for deployment in agricultural robotics. Qualitative assessments further confirm the model's performance, demonstrating its capability to accurately infer the poses of ripe and partially ripe strawberries, while facing challenges in detecting unripe specimens. This suggests opportunities for future improvements, especially in enhancing detection capabilities for unripe strawberries (if desired) by exploring variations in color. Furthermore, the methodology presented could be adapted easily for other fruits such as apples, peaches, and plums, thereby expanding its applicability and impact in the field of agricultural automation.",https://arxiv.org/pdf/2511.11307v1
http://arxiv.org/abs/2511.07437v1,Agentic Educational Content Generation for African Languages on Edge Devices,Ravi Gupta; Guneet Bhatia,cs.AI,cs.AI,2025-11-01T21:13:47Z,2025-11-01T21:13:47Z,10.1109/GHTC66843.2025.11265979,Year: 2025 | Conference Paper | Publisher: IEEE,,"Addressing educational inequity in Sub-Saharan Africa, this research presents an autonomous agent-orchestrated framework for decentralized, culturally adaptive educational content generation on edge devices. The system leverages four specialized agents that work together to generate contextually appropriate educational content. Experimental validation on platforms including Raspberry Pi 4B and NVIDIA Jetson Nano demonstrates significant performance achievements. InkubaLM on Jetson Nano achieved a Time-To-First-Token (TTFT) of 129 ms, an average inter-token latency of 33 ms, and a throughput of 45.2 tokens per second while consuming 8.4 W. On Raspberry Pi 4B, InkubaLM also led with 326 ms TTFT and 15.9 tokens per second at 5.8 W power consumption. The framework consistently delivered high multilingual quality, averaging a BLEU score of 0.688, cultural relevance of 4.4/5, and fluency of 4.2/5 across tested African languages. Through potential partnerships with active community organizations including African Youth & Community Organization (AYCO) and Florida Africa Foundation, this research aims to establish a practical foundation for accessible, localized, and sustainable AI-driven education in resource-constrained environments. Keeping focus on long-term viability and cultural appropriateness, it contributes to United Nations SDGs 4, 9, and 10. Index Terms - Multi-Agent Systems, Edge AI Computing, Educational Technology, African Languages, Rural Education, Sustainable Development, UN SDG.",https://arxiv.org/pdf/2511.07437v1
http://arxiv.org/abs/2511.00357v1,Transfer Learning for Onboard Cloud Segmentation in Thermal Earth Observation: From Landsat to a CubeSat Constellation,Niklas Wölki; Lukas Kondmann; Christian Mollière; Martin Langer; Julia Gottfriedsen; Martin Werner,cs.CV,cs.CV,2025-11-01T01:59:16Z,2025-11-01T01:59:16Z,,,This work was presented at the TerraBytes Workshop at the 42nd International Conference on Machine Learning. This version is not part of the official ICML proceedings,"Onboard cloud segmentation is a critical yet underexplored task in thermal Earth observation (EO), particularly for CubeSat missions constrained by limited hardware and spectral information. CubeSats often rely on a single thermal band and lack sufficient labeled data, making conventional cloud masking techniques infeasible. This work addresses these challenges by applying transfer learning to thermal cloud segmentation for the FOREST-2 CubeSat, using a UNet with a lightweight MobileNet encoder. We pretrain the model on the public Landsat-7 Cloud Cover Assessment Dataset and fine-tune it with a small set of mission-specific samples in a joint-training setup, improving the macro F1 from 0.850 to 0.877 over FOREST-2-only baselines. We convert the model to a TensorRT engine and demonstrate full-image inference in under 5 seconds on an NVIDIA Jetson Nano. These results show that leveraging public datasets and lightweight architectures can enable accurate, efficient thermal-only cloud masking on-orbit, supporting real-time decision-making in data-limited EO missions.",https://arxiv.org/pdf/2511.00357v1
http://arxiv.org/abs/2510.18041v2,Sensing Without Colocation: Operator-Based Virtual Instrumentation for Domains Beyond Physical Reach,Jay Phil Yoo; Kazuma Kobayashi; Souvik Chakraborty; Syed Bahauddin Alam,cs.LG,cs.LG; cs.AI,2025-10-20T19:27:00Z,2026-03-19T23:47:35Z,,,,"Classical sensing rests on one foundational assumption: the quantity of interest must be colocated with the measurement device. This is not an engineering convenience. It is the organizing principle of every instrumentation standard developed over the past century, and it fails completely at aviation altitude, where no physical sensor can survive long enough to monitor the cosmic radiation field that irradiates millions of aircrew annually. We establish that this barrier is resolved by a new sensing principle: when the sensor manifold and the target field manifold are physically disjoint, a learned operator bridging them \emph{is} the instrument. We term this \textbf{operator-theoretic virtual sensing} and instantiate it in \textbf{STONe}, which maps \textbf{twelve} ground-based neutron monitors (sparse, indirect, surface-bound) to the complete global dose field at 10{,}000\,m across \textbf{180-day} horizons, achieving sub-millisecond inference where Monte Carlo transport requires hours. Deployed without modification on an NVIDIA Jetson Orin Nano embedded AI platform at 7.3\,W average system power and 143.3\,MB GPU memory footprint; within the envelope of photovoltaic-powered field hardware co-locatable with existing neutron monitor stations, STONe constitutes a physically realizable sensing device of a new category: an instrument whose measurement principle is operator-theoretic and whose deployment constraint is the power budget of remote environmental monitoring infrastructure, not the accessibility of the target domain.",https://arxiv.org/pdf/2510.18041v2
http://arxiv.org/abs/2510.14946v1,EdgeNavMamba: Mamba Optimized Object Detection for Energy Efficient Edge Devices,Romina Aalishah; Mozhgan Navardi; Tinoosh Mohsenin,eess.IV,eess.IV; cs.RO,2025-10-16T17:55:56Z,2025-10-16T17:55:56Z,,,The 11th IEEE International Conference on Edge Computing and Scalable Cloud (IEEE EdgeCom 2025),"Deployment of efficient and accurate Deep Learning models has long been a challenge in autonomous navigation, particularly for real-time applications on resource-constrained edge devices. Edge devices are limited in computing power and memory, making model efficiency and compression essential. In this work, we propose EdgeNavMamba, a reinforcement learning-based framework for goal-directed navigation using an efficient Mamba object detection model. To train and evaluate the detector, we introduce a custom shape detection dataset collected in diverse indoor settings, reflecting visual cues common in real-world navigation. The object detector serves as a pre-processing module, extracting bounding boxes (BBOX) from visual input, which are then passed to an RL policy to control goal-oriented navigation. Experimental results show that the student model achieved a reduction of 67% in size, and up to 73% in energy per inference on edge devices of NVIDIA Jetson Orin Nano and Raspberry Pi 5, while keeping the same performance as the teacher model. EdgeNavMamba also maintains high detection accuracy in MiniWorld and IsaacLab simulators while reducing parameters by 31% compared to the baseline. In the MiniWorld simulator, the navigation policy achieves over 90% success across environments of varying complexity.",https://arxiv.org/pdf/2510.14946v1
http://arxiv.org/abs/2510.13757v1,A Complete Pipeline for deploying SNNs with Synaptic Delays on Loihi 2,Balázs Mészáros; James C. Knight; Jonathan Timcheck; Thomas Nowotny,cs.NE,cs.NE; cs.LG,2025-10-15T17:05:55Z,2025-10-15T17:05:55Z,,,,"Spiking Neural Networks are attracting increased attention as a more energy-efficient alternative to traditional Artificial Neural Networks for edge computing. Neuromorphic computing can significantly reduce energy requirements. Here, we present a complete pipeline: efficient event-based training of SNNs with synaptic delays on GPUs and deployment on Intel's Loihi 2 neuromorphic chip. We evaluate our approach on keyword recognition tasks using the Spiking Heidelberg Digits and Spiking Speech Commands datasets, demonstrating that our algorithm can enhance classification accuracy compared to architectures without delays. Our benchmarking indicates almost no accuracy loss between GPU and Loihi 2 implementations, while classification on Loihi 2 is up to 18x faster and uses 250x less energy than on an NVIDIA Jetson Orin Nano.",https://arxiv.org/pdf/2510.13757v1
http://arxiv.org/abs/2510.11448v2,A Faster and More Reliable Middleware for Autonomous Driving Systems,Yuankai He; Weisong Shi,cs.RO,cs.RO; eess.SY,2025-10-13T14:17:14Z,2025-10-15T20:12:20Z,,,"8 pages,7 figures, 8 tables","Ensuring safety in high-speed autonomous vehicles requires rapid control loops and tightly bounded delays from perception to actuation. Many open-source autonomy systems rely on ROS 2 middleware; when multiple sensor and control nodes share one compute unit, ROS 2 and its DDS transports add significant (de)serialization, copying, and discovery overheads, shrinking the available time budget. We present Sensor-in-Memory (SIM), a shared-memory transport designed for intra-host pipelines in autonomous vehicles. SIM keeps sensor data in native memory layouts (e.g., cv::Mat, PCL), uses lock-free bounded double buffers that overwrite old data to prioritize freshness, and integrates into ROS 2 nodes with four lines of code. Unlike traditional middleware, SIM operates beside ROS 2 and is optimized for applications where data freshness and minimal latency outweigh guaranteed completeness. SIM provides sequence numbers, a writer heartbeat, and optional checksums to ensure ordering, liveness, and basic integrity. On an NVIDIA Jetson Orin Nano, SIM reduces data-transport latency by up to 98% compared to ROS 2 zero-copy transports such as FastRTPS and Zenoh, lowers mean latency by about 95%, and narrows 95th/99th-percentile tail latencies by around 96%. In tests on a production-ready Level 4 vehicle running Autoware.Universe, SIM increased localization frequency from 7.5 Hz to 9.5 Hz. Applied across all latency-critical modules, SIM cut average perception-to-decision latency from 521.91 ms to 290.26 ms, reducing emergency braking distance at 40 mph (64 km/h) on dry concrete by 13.6 ft (4.14 m).",https://arxiv.org/pdf/2510.11448v2
http://arxiv.org/abs/2510.06263v1,Dual-stage and Lightweight Patient Chart Summarization for Emergency Physicians,Jiajun Wu; Swaleh Zaidi; Braden Teitge; Henry Leung; Jiayu Zhou; Jessalyn Holodinsky; Steve Drew,cs.CL,cs.CL; cs.AI,2025-10-05T19:30:56Z,2025-10-05T19:30:56Z,,,Accepted at the IEEE Annual Congress on Artificial Intelligence of Things (IEEE AIoT) 2025,"Electronic health records (EHRs) contain extensive unstructured clinical data that can overwhelm emergency physicians trying to identify critical information. We present a two-stage summarization system that runs entirely on embedded devices, enabling offline clinical summarization while preserving patient privacy. In our approach, a dual-device architecture first retrieves relevant patient record sections using the Jetson Nano-R (Retrieve), then generates a structured summary on another Jetson Nano-S (Summarize), communicating via a lightweight socket link. The summarization output is two-fold: (1) a fixed-format list of critical findings, and (2) a context-specific narrative focused on the clinician's query. The retrieval stage uses locally stored EHRs, splits long notes into semantically coherent sections, and searches for the most relevant sections per query. The generation stage uses a locally hosted small language model (SLM) to produce the summary from the retrieved text, operating within the constraints of two NVIDIA Jetson devices. We first benchmarked six open-source SLMs under 7B parameters to identify viable models. We incorporated an LLM-as-Judge evaluation mechanism to assess summary quality in terms of factual accuracy, completeness, and clarity. Preliminary results on MIMIC-IV and de-identified real EHRs demonstrate that our fully offline system can effectively produce useful summaries in under 30 seconds.",https://arxiv.org/pdf/2510.06263v1
http://arxiv.org/abs/2509.25164v5,YOLO26: Key Architectural Enhancements and Performance Benchmarking for Real-Time Object Detection,Ranjan Sapkota; Rahul Harsha Cheppally; Ajay Sharda; Manoj Karkee,cs.CV,cs.CV,2025-09-29T17:58:04Z,2026-03-16T13:41:34Z,,,,"This study presents a comprehensive analysis of Ultralytics YOLO26(also called as YOLOv26), highlighting its key architectural enhancements and performance benchmarking for real-time object detection. YOLO26, released in September 2025, stands as the newest and most advanced member of the YOLO family, purpose-built to deliver efficiency, accuracy, and deployment readiness on edge and low-power devices. The paper sequentially details architectural innovations of YOLO26, including the removal of Distribution Focal Loss (DFL), adoption of end-to-end NMS-free inference, integration of ProgLoss and Small-Target-Aware Label Assignment (STAL), and the introduction of the MuSGD optimizer for stable convergence. Beyond architecture, the study positions YOLO26 as a multi-task framework, supporting object detection, instance segmentation, pose/keypoints estimation, oriented detection, and classification. We present performance benchmarks of YOLO26 on edge devices such as NVIDIA Jetson Nano and Orin, comparing its results with YOLOv8, YOLOv11, YOLOv12, YOLOv13, and transformer-based detectors(RF-DETR and RT-DETR). This paper further explores real-time deployment pathways, flexible export options (ONNX, TensorRT, CoreML, TFLite), and quantization for INT8/FP16. Practical use cases of YOLO26 across robotics, manufacturing, and IoT are highlighted to demonstrate cross-industry adaptability. Finally, insights on deployment efficiency and broader implications are discussed, with future directions for YOLO26 and the YOLO lineage outlined.",https://arxiv.org/pdf/2509.25164v5
http://arxiv.org/abs/2509.20160v1,Characterizing the Performance of Accelerated Jetson Edge Devices for Training Deep Learning Models,Prashanthi S. K.; Sai Anuroop Kesanapalli; Yogesh Simmhan,cs.DC,cs.DC,2025-09-24T14:28:37Z,2025-09-24T14:28:37Z,10.1145/3570604,,Preprint of article in ACM SIGMETRICS 2023,"Deep Neural Networks (DNNs) have had a significant impact on domains like autonomous vehicles and smart cities through low-latency inferencing on edge computing devices close to the data source. However, DNN training on the edge is poorly explored. Techniques like federated learning and the growing capacity of GPU-accelerated edge devices like NVIDIA Jetson motivate the need for a holistic characterization of DNN training on the edge. Training DNNs is resource-intensive and can stress an edge's GPU, CPU, memory and storage capacities. Edge devices also have different resources compared to workstations and servers, such as slower shared memory and diverse storage media. Here, we perform a principled study of DNN training on individual devices of three contemporary Jetson device types: AGX Xavier, Xavier NX and Nano for three diverse DNN model--dataset combinations. We vary device and training parameters such as I/O pipelining and parallelism, storage media, mini-batch sizes and power modes, and examine their effect on CPU and GPU utilization, fetch stalls, training time, energy usage, and variability. Our analysis exposes several resource inter-dependencies and counter-intuitive insights, while also helping quantify known wisdom. Our rigorous study can help tune the training performance on the edge, trade-off time and energy usage on constrained devices, and even select an ideal edge hardware for a DNN workload, and, in future, extend to federated learning too. As an illustration, we use these results to build a simple model to predict the training time and energy per epoch for any given DNN across different power modes, with minimal additional profiling.",https://arxiv.org/pdf/2509.20160v1
http://arxiv.org/abs/2509.18193v1,TinyEcoWeedNet: Edge Efficient Real-Time Aerial Agricultural Weed Detection,Omar H. Khater; Abdul Jabbar Siddiqui; Aiman El-Maleh; M. Shamim Hossain,cs.CV,cs.CV; cs.AI,2025-09-19T13:57:12Z,2025-09-19T13:57:12Z,,,,"Deploying deep learning models in agriculture is difficult because edge devices have limited resources, but this work presents a compressed version of EcoWeedNet using structured channel pruning, quantization-aware training (QAT), and acceleration with NVIDIA's TensorRT on the Jetson Orin Nano. Despite the challenges of pruning complex architectures with residual shortcuts, attention mechanisms, concatenations, and CSP blocks, the model size was reduced by up to 68.5% and computations by 3.2 GFLOPs, while inference speed reached 184 FPS at FP16, 28.7% faster than the baseline. On the CottonWeedDet12 dataset, the pruned EcoWeedNet with a 39.5% pruning ratio outperformed YOLO11n and YOLO12n (with only 20% pruning), achieving 83.7% precision, 77.5% recall, and 85.9% mAP50, proving it to be both efficient and effective for precision agriculture.",https://arxiv.org/pdf/2509.18193v1
http://arxiv.org/abs/2509.14641v2,TriLift: Interpolation-Free Tri-Plane Lifting for Efficient 3D Perception on Embedded Systems,Sibaek Lee; Jiung Yeon; Hyeonwoo Yu,cs.RO,cs.RO,2025-09-18T05:43:24Z,2026-06-19T13:54:35Z,,,,"Dense 3D convolutions provide high accuracy for perception but are too computationally expensive for real-time robotic systems. Existing tri-plane methods rely on 2D image features with interpolation, point-wise queries, and implicit MLPs, which makes them computationally heavy and unsuitable for embedded 3D inference. As an alternative, we propose TriLift, a novel interpolation-free tri-plane lifting and volumetric fusion framework that directly projects 3D voxels into plane features and reconstructs a feature volume through broadcast and summation. This shifts nonlinearity to 2D convolutions, reducing complexity while remaining fully parallelizable. To mitigate spatial information loss inherent in projections, we incorporate a lightweight adaptive positional encoding module that helps bridge the spatial information gap, dynamically recovering fine geometric details with negligible overhead. To capture global context, we add a low-resolution volumetric branch fused with the lifted features through a lightweight integration layer, yielding a design that is both efficient and end-to-end GPU-accelerated. To validate the effectiveness of the proposed method, we conduct experiments on classification, completion, segmentation, and detection, and we map the trade-off between efficiency and accuracy across tasks. Results show that classification and completion retain or improve accuracy, while segmentation and detection show a trade-off, significantly reducing computational demand with only a slight decrease in accuracy. On-device benchmarks on an NVIDIA Jetson Orin Nano confirm robust real-time throughput, demonstrating the suitability of the approach for embedded robotic perception.",https://arxiv.org/pdf/2509.14641v2
http://arxiv.org/abs/2510.15890v1,A Real-Time BCI for Stroke Hand Rehabilitation Using Latent EEG Features from Healthy Subjects,F. M. Omar; A. M. Omar; K. H. Eyada; M. Rabie; M. A. Kamel; A. M. Azab,cs.HC,cs.HC; cs.AI; eess.SP,2025-09-07T22:19:03Z,2025-09-07T22:19:03Z,,,Proceedings of the 7th Novel Intelligent and Leading Emerging Sciences Conference (NILES 2025),"This study presents a real-time, portable brain-computer interface (BCI) system designed to support hand rehabilitation for stroke patients. The system combines a low cost 3D-printed robotic exoskeleton with an embedded controller that converts brain signals into physical hand movements. EEG signals are recorded using a 14-channel Emotiv EPOC+ headset and processed through a supervised convolutional autoencoder (CAE) to extract meaningful latent features from single-trial data. The model is trained on publicly available EEG data from healthy individuals (WAY-EEG-GAL dataset), with electrode mapping adapted to match the Emotiv headset layout. Among several tested classifiers, Ada Boost achieved the highest accuracy (89.3%) and F1-score (0.89) in offline evaluations. The system was also tested in real time on five healthy subjects, achieving classification accuracies between 60% and 86%. The complete pipeline - EEG acquisition, signal processing, classification, and robotic control - is deployed on an NVIDIA Jetson Nano platform with a real-time graphical interface. These results demonstrate the system's potential as a low-cost, standalone solution for home-based neurorehabilitation.",https://arxiv.org/pdf/2510.15890v1
http://arxiv.org/abs/2508.05049v1,MedMambaLite: Hardware-Aware Mamba for Medical Image Classification,Romina Aalishah; Mozhgan Navardi; Tinoosh Mohsenin,eess.IV,eess.IV; cs.CV,2025-08-07T06:03:32Z,2025-08-07T06:03:32Z,,,21st IEEE Biomedical Circuits and Systems Conference (BioCAS) 2025,"AI-powered medical devices have driven the need for real-time, on-device inference such as biomedical image classification. Deployment of deep learning models at the edge is now used for applications such as anomaly detection and classification in medical images. However, achieving this level of performance on edge devices remains challenging due to limitations in model size and computational capacity. To address this, we present MedMambaLite, a hardware-aware Mamba-based model optimized through knowledge distillation for medical image classification. We start with a powerful MedMamba model, integrating a Mamba structure for efficient feature extraction in medical imaging. We make the model lighter and faster in training and inference by modifying and reducing the redundancies in the architecture. We then distill its knowledge into a smaller student model by reducing the embedding dimensions. The optimized model achieves 94.5% overall accuracy on 10 MedMNIST datasets. It also reduces parameters 22.8x compared to MedMamba. Deployment on an NVIDIA Jetson Orin Nano achieves 35.6 GOPS/J energy per inference. This outperforms MedMamba by 63% improvement in energy per inference.",https://arxiv.org/pdf/2508.05049v1
http://arxiv.org/abs/2508.04976v1,CSRAP: Enhanced Canvas Attention Scheduling for Real-Time Mission Critical Perception,Md Iftekharul Islam Sakib; Yigong Hu; Tarek Abdelzaher,cs.CV,cs.CV,2025-08-07T02:03:50Z,2025-08-07T02:03:50Z,,,,"Real-time perception on edge platforms faces a core challenge: executing high-resolution object detection under stringent latency constraints on limited computing resources. Canvas-based attention scheduling was proposed in earlier work as a mechanism to reduce the resource demands of perception subsystems. It consolidates areas of interest in an input data frame onto a smaller area, called a canvas frame, that can be processed at the requisite frame rate. This paper extends prior canvas-based attention scheduling literature by (i) allowing for variable-size canvas frames and (ii) employing selectable canvas frame rates that may depart from the original data frame rate. We evaluate our solution by running YOLOv11, as the perception module, on an NVIDIA Jetson Orin Nano to inspect video frames from the Waymo Open Dataset. Our results show that the additional degrees of freedom improve the attainable quality/cost trade-offs, thereby allowing for a consistently higher mean average precision (mAP) and recall with respect to the state of the art.",https://arxiv.org/pdf/2508.04976v1
http://arxiv.org/abs/2507.23093v1,On the Sustainability of AI Inferences in the Edge,Ghazal Sobhani; Md. Monzurul Amin Ifath; Tushar Sharma; Israat Haque,cs.LG,cs.LG; cs.AI; cs.PF,2025-07-30T20:47:22Z,2025-07-30T20:47:22Z,,,"14 pages, 8 figures, 6 tables, in preparation for journal submission","The proliferation of the Internet of Things (IoT) and its cutting-edge AI-enabled applications (e.g., autonomous vehicles and smart industries) combine two paradigms: data-driven systems and their deployment on the edge. Usually, edge devices perform inferences to support latency-critical applications. In addition to the performance of these resource-constrained edge devices, their energy usage is a critical factor in adopting and deploying edge applications. Examples of such devices include Raspberry Pi (RPi), Intel Neural Compute Stick (INCS), NVIDIA Jetson nano (NJn), and Google Coral USB (GCU). Despite their adoption in edge deployment for AI inferences, there is no study on their performance and energy usage for informed decision-making on the device and model selection to meet the demands of applications. This study fills the gap by rigorously characterizing the performance of traditional, neural networks, and large language models on the above-edge devices. Specifically, we analyze trade-offs among model F1 score, inference time, inference power, and memory usage. Hardware and framework optimization, along with external parameter tuning of AI models, can balance between model performance and resource usage to realize practical edge AI deployments.",https://arxiv.org/pdf/2507.23093v1
http://arxiv.org/abs/2507.17125v1,Model Compression Engine for Wearable Devices Skin Cancer Diagnosis,Jacob M. Delgado-López; Andrea P. Seda-Hernandez; Juan D. Guadalupe-Rosado; Luis E. Fernandez Ramirez; Miguel Giboyeaux-Camilo; Wilfredo E. Lugo-Beauchamp,cs.LG,cs.LG,2025-07-23T02:02:24Z,2025-07-23T02:02:24Z,,,,"Skin cancer is one of the most prevalent and preventable types of cancer, yet its early detection remains a challenge, particularly in resource-limited settings where access to specialized healthcare is scarce. This study proposes an AI-driven diagnostic tool optimized for embedded systems to address this gap. Using transfer learning with the MobileNetV2 architecture, the model was adapted for binary classification of skin lesions into ""Skin Cancer"" and ""Other."" The TensorRT framework was employed to compress and optimize the model for deployment on the NVIDIA Jetson Orin Nano, balancing performance with energy efficiency. Comprehensive evaluations were conducted across multiple benchmarks, including model size, inference speed, throughput, and power consumption. The optimized models maintained their performance, achieving an F1-Score of 87.18% with a precision of 93.18% and recall of 81.91%. Post-compression results showed reductions in model size of up to 0.41, along with improvements in inference speed and throughput, and a decrease in energy consumption of up to 0.93 in INT8 precision. These findings validate the feasibility of deploying high-performing, energy-efficient diagnostic tools on resource-constrained edge devices. Beyond skin cancer detection, the methodologies applied in this research have broader applications in other medical diagnostics and domains requiring accessible, efficient AI solutions. This study underscores the potential of optimized AI systems to revolutionize healthcare diagnostics, thereby bridging the divide between advanced technology and underserved regions.",https://arxiv.org/pdf/2507.17125v1
http://arxiv.org/abs/2507.17123v1,Computer Vision for Real-Time Monkeypox Diagnosis on Embedded Systems,Jacob M. Delgado-López; Ricardo A. Morell-Rodriguez; Sebastián O. Espinosa-Del Rosario; Wilfredo E. Lugo-Beauchamp,cs.LG,cs.LG,2025-07-23T01:53:31Z,2025-07-23T01:53:31Z,10.1007/978-3-032-09694-4,,,"The rapid diagnosis of infectious diseases, such as monkeypox, is crucial for effective containment and treatment, particularly in resource-constrained environments. This study presents an AI-driven diagnostic tool developed for deployment on the NVIDIA Jetson Orin Nano, leveraging the pre-trained MobileNetV2 architecture for binary classification. The model was trained on the open-source Monkeypox Skin Lesion Dataset, achieving a 93.07% F1-Score, which reflects a well-balanced performance in precision and recall. To optimize the model, the TensorRT framework was used to accelerate inference for FP32 and to perform post-training quantization for FP16 and INT8 formats. TensorRT's mixed-precision capabilities enabled these optimizations, which reduced the model size, increased inference speed, and lowered power consumption by approximately a factor of two, all while maintaining the original accuracy. Power consumption analysis confirmed that the optimized models used significantly less energy during inference, reinforcing their suitability for deployment in resource-constrained environments. The system was deployed with a Wi-Fi Access Point (AP) hotspot and a web-based interface, enabling users to upload and analyze images directly through connected devices such as mobile phones. This setup ensures simple access and seamless connectivity, making the tool practical for real-world applications. These advancements position the diagnostic tool as an efficient, scalable, and energy-conscious solution to address diagnosis challenges in underserved regions, paving the way for broader adoption in low-resource healthcare settings.",https://arxiv.org/pdf/2507.17123v1
http://arxiv.org/abs/2507.06459v1,EA: An Event Autoencoder for High-Speed Vision Sensing,Riadul Islam; Joey Mulé; Dhandeep Challagundla; Shahmir Rizvi; Sean Carson,cs.CV,cs.CV; cs.AI,2025-07-09T00:21:15Z,2025-07-09T00:21:15Z,,,,"High-speed vision sensing is essential for real-time perception in applications such as robotics, autonomous vehicles, and industrial automation. Traditional frame-based vision systems suffer from motion blur, high latency, and redundant data processing, limiting their performance in dynamic environments. Event cameras, which capture asynchronous brightness changes at the pixel level, offer a promising alternative but pose challenges in object detection due to sparse and noisy event streams. To address this, we propose an event autoencoder architecture that efficiently compresses and reconstructs event data while preserving critical spatial and temporal features. The proposed model employs convolutional encoding and incorporates adaptive threshold selection and a lightweight classifier to enhance recognition accuracy while reducing computational complexity. Experimental results on the existing Smart Event Face Dataset (SEFD) demonstrate that our approach achieves comparable accuracy to the YOLO-v4 model while utilizing up to $35.5\times$ fewer parameters. Implementations on embedded platforms, including Raspberry Pi 4B and NVIDIA Jetson Nano, show high frame rates ranging from 8 FPS up to 44.8 FPS. The proposed classifier exhibits up to 87.84x better FPS than the state-of-the-art and significantly improves event-based vision performance, making it ideal for low-power, high-speed applications in real-time edge computing.",https://arxiv.org/pdf/2507.06459v1
http://arxiv.org/abs/2507.05432v1,"Robotic System with AI for Real Time Weed Detection, Canopy Aware Spraying, and Droplet Pattern Evaluation",Inayat Rasool; Pappu Kumar Yadav; Amee Parmar; Hasan Mirzakhaninafchi; Rikesh Budhathoki; Zain Ul Abideen Usmani; Supriya Paudel; Ivan Perez Olivera; Eric Jone,cs.CV,cs.CV; cs.AI,2025-07-07T19:27:29Z,2025-07-07T19:27:29Z,,,11 pages,"Uniform and excessive herbicide application in modern agriculture contributes to increased input costs, environmental pollution, and the emergence of herbicide resistant weeds. To address these challenges, we developed a vision guided, AI-driven variable rate sprayer system capable of detecting weed presence, estimating canopy size, and dynamically adjusting nozzle activation in real time. The system integrates lightweight YOLO11n and YOLO11n-seg deep learning models, deployed on an NVIDIA Jetson Orin Nano for onboard inference, and uses an Arduino Uno-based relay interface to control solenoid actuated nozzles based on canopy segmentation results. Indoor trials were conducted using 15 potted Hibiscus rosa sinensis plants of varying canopy sizes to simulate a range of weed patch scenarios. The YOLO11n model achieved a mean average precision (mAP@50) of 0.98, with a precision of 0.99 and a recall close to 1.0. The YOLO11n-seg segmentation model achieved a mAP@50 of 0.48, precision of 0.55, and recall of 0.52. System performance was validated using water sensitive paper, which showed an average spray coverage of 24.22% in zones where canopy was present. An upward trend in mean spray coverage from 16.22% for small canopies to 21.46% and 21.65% for medium and large canopies, respectively, demonstrated the system's capability to adjust spray output based on canopy size in real time. These results highlight the potential of combining real time deep learning with low-cost embedded hardware for selective herbicide application. Future work will focus on expanding the detection capabilities to include three common weed species in South Dakota: water hemp (Amaranthus tuberculatus), kochia (Bassia scoparia), and foxtail (Setaria spp.), followed by further validation in both indoor and field trials within soybean and corn production systems.",https://arxiv.org/pdf/2507.05432v1
http://arxiv.org/abs/2506.22771v1,FF-INT8: Efficient Forward-Forward DNN Training on Edge Devices with INT8 Precision,Jingxiao Ma; Priyadarshini Panda; Sherief Reda,cs.LG,cs.LG; cs.AI; cs.NE,2025-06-28T06:16:26Z,2025-06-28T06:16:26Z,,,"To be published in the 62nd Design Automation Conference (DAC), 2025","Backpropagation has been the cornerstone of neural network training for decades, yet its inefficiencies in time and energy consumption limit its suitability for resource-constrained edge devices. While low-precision neural network quantization has been extensively researched to speed up model inference, its application in training has been less explored. Recently, the Forward-Forward (FF) algorithm has emerged as a promising alternative to backpropagation, replacing the backward pass with an additional forward pass. By avoiding the need to store intermediate activations for backpropagation, FF can reduce memory footprint, making it well-suited for embedded devices. This paper presents an INT8 quantized training approach that leverages FF's layer-by-layer strategy to stabilize gradient quantization. Furthermore, we propose a novel ""look-ahead"" scheme to address limitations of FF and improve model accuracy. Experiments conducted on NVIDIA Jetson Orin Nano board demonstrate 4.6% faster training, 8.3% energy savings, and 27.0% reduction in memory usage, while maintaining competitive accuracy compared to the state-of-the-art.",https://arxiv.org/pdf/2506.22771v1
http://arxiv.org/abs/2506.18220v1,Cross-Architecture Knowledge Distillation (KD) for Retinal Fundus Image Anomaly Detection on NVIDIA Jetson Nano,Berk Yilmaz; Aniruddh Aiyengar,cs.CV,cs.CV; cs.AI; cs.LG,2025-06-23T00:57:43Z,2025-06-23T00:57:43Z,,,"15 pages, 10 figures. Berk Yilmaz and Aniruddh Aiyengar contributed equally to this work","Early and accurate identification of retinal ailments is crucial for averting ocular decline; however, access to dependable diagnostic devices is not often available in low-resourced settings. This project proposes to solve that by developing a lightweight, edge-device deployable disease classifier using cross-architecture knowledge distilling. We first train a high-capacity vision transformer (ViT) teacher model, pre-trained using I-JEPA self-supervised learning, to classify fundus images into four classes: Normal, Diabetic Retinopathy, Glaucoma, and Cataract. We kept an Internet of Things (IoT) focus when compressing to a CNN-based student model for deployment in resource-limited conditions, such as the NVIDIA Jetson Nano. This was accomplished using a novel framework which included a Partitioned Cross-Attention (PCA) projector, a Group-Wise Linear (GL) projector, and a multi-view robust training method. The teacher model has 97.4 percent more parameters than the student model, with it achieving 89 percent classification with a roughly 93 percent retention of the teacher model's diagnostic performance. The retention of clinical classification behavior supports our method's initial aim: compression of the ViT while retaining accuracy. Our work serves as an example of a scalable, AI-driven triage solution for retinal disorders in under-resourced areas.",https://arxiv.org/pdf/2506.18220v1
http://arxiv.org/abs/2506.14513v1,GAMORA: A Gesture Articulated Meta Operative Robotic Arm for Hazardous Material Handling in Containment-Level Environments,Farha Abdul Wasay; Mohammed Abdul Rahman; Hania Ghouse,cs.RO,cs.RO; cs.AI; cs.CV,2025-06-17T13:40:16Z,2025-06-17T13:40:16Z,,,,"The convergence of robotics and virtual reality (VR) has enabled safer and more efficient workflows in high-risk laboratory settings, particularly virology labs. As biohazard complexity increases, minimizing direct human exposure while maintaining precision becomes essential. We propose GAMORA (Gesture Articulated Meta Operative Robotic Arm), a novel VR-guided robotic system that enables remote execution of hazardous tasks using natural hand gestures. Unlike existing scripted automation or traditional teleoperation, GAMORA integrates the Oculus Quest 2, NVIDIA Jetson Nano, and Robot Operating System (ROS) to provide real-time immersive control, digital twin simulation, and inverse kinematics-based articulation. The system supports VR-based training and simulation while executing precision tasks in physical environments via a 3D-printed robotic arm. Inverse kinematics ensure accurate manipulation for delicate operations such as specimen handling and pipetting. The pipeline includes Unity-based 3D environment construction, real-time motion planning, and hardware-in-the-loop testing. GAMORA achieved a mean positional discrepancy of 2.2 mm (improved from 4 mm), pipetting accuracy within 0.2 mL, and repeatability of 1.2 mm across 50 trials. Integrated object detection via YOLOv8 enhances spatial awareness, while energy-efficient operation (50% reduced power output) ensures sustainable deployment. The system's digital-physical feedback loop enables safe, precise, and repeatable automation of high-risk lab tasks. GAMORA offers a scalable, immersive solution for robotic control and biosafety in biomedical research environments.",https://arxiv.org/pdf/2506.14513v1
http://arxiv.org/abs/2506.14833v1,"Real-Time, Low-Latency Surveillance Using Entropy-Based Adaptive Buffering and MobileNetV2 on Edge Devices",Poojashree Chandrashekar Pankaj M Sajjanar,cs.CV,cs.CV; cs.AI,2025-06-14T08:32:05Z,2025-06-14T08:32:05Z,,,& pages,"This paper describes a high-performance, low-latency video surveillance system designed for resource-constrained environments. We have proposed a formal entropy-based adaptive frame buffering algorithm and integrated that with MobileNetV2 to achieve high throughput with low latency. The system is capable of processing live streams of video with sub-50ms end-to-end inference latency on resource-constrained devices (embedding platforms) such as Raspberry Pi, Amazon, and NVIDIA Jetson Nano. Our method maintains over 92% detection accuracy on standard datasets focused on video surveillance and exhibits robustness to varying lighting, backgrounds, and speeds. A number of comparative and ablation experiments validate the effectiveness of our design. Finally, our architecture is scalable, inexpensive, and compliant with stricter data privacy regulations than common surveillance systems, so that the system could coexist in a smart city or embedded security architecture.",https://arxiv.org/pdf/2506.14833v1
http://arxiv.org/abs/2506.09397v5,SLED: A Speculative LLM Decoding Framework for Efficient Edge Serving,Xiangchen Li; Dimitrios Spatharakis; Saeid Ghafouri; Jiakun Fan; Hans Vandierendonck; Deepu John; Bo Ji; Dimitrios Nikolopoulos,cs.DC,cs.DC; cs.AI; cs.LG; cs.NI,2025-06-11T04:55:54Z,2025-11-04T21:34:59Z,,,"8 pages, 8 figures, 2 tables, accepted by SEC 2025: Tenth ACM/IEEE Symposium on Edge Computing","The growing gap between the increasing complexity of large language models (LLMs) and the limited computational budgets of edge devices poses a key challenge for efficient on-device inference, despite gradual improvements in hardware capabilities. Existing strategies, such as aggressive quantization, pruning, or remote inference, trade accuracy for efficiency or lead to substantial cost burdens. This position paper introduces a new framework that leverages speculative decoding, previously viewed primarily as a decoding acceleration technique for autoregressive generation of LLMs, as a promising approach specifically adapted for edge computing by orchestrating computation across heterogeneous devices. We propose \acronym, a framework that allows lightweight edge devices to draft multiple candidate tokens locally using diverse draft models, while a single, shared edge server verifies the tokens utilizing a more precise target model. To further increase the efficiency of verification, the edge server batch the diverse verification requests from devices. This approach supports device heterogeneity and reduces server-side memory footprint by sharing the same upstream target model across multiple devices. Our initial experiments with Jetson Orin Nano, Raspberry Pi 4B/5, and an edge server equipped with 4 Nvidia A100 GPUs indicate substantial benefits: 2.2 more system throughput, 2.8 more system capacity, and better cost efficiency, all without sacrificing model accuracy.",https://arxiv.org/pdf/2506.09397v5
http://arxiv.org/abs/2505.21594v1,Fast and Cost-effective Speculative Edge-Cloud Decoding with Early Exits,Yeshwanth Venkatesha; Souvik Kundu; Priyadarshini Panda,cs.RO,cs.RO; cs.AI; cs.DC,2025-05-27T14:55:16Z,2025-05-27T14:55:16Z,,,,"Large Language Models (LLMs) enable various applications on edge devices such as smartphones, wearables, and embodied robots. However, their deployment often depends on expensive cloud-based APIs, creating high operational costs, which limit access for smaller organizations and raise sustainability concerns. Certain LLMs can be deployed on-device, offering a cost-effective solution with reduced latency and improved privacy. Yet, limited computing resources constrain the size and accuracy of models that can be deployed, necessitating a collaborative design between edge and cloud. We propose a fast and cost-effective speculative edge-cloud decoding framework with a large target model on the server and a small draft model on the device. By introducing early exits in the target model, tokens are generated mid-verification, allowing the client to preemptively draft subsequent tokens before final verification, thus utilizing idle time and enhancing parallelism between edge and cloud. Using an NVIDIA Jetson Nano (client) and an A100 GPU (server) with Vicuna-68M (draft) and Llama2-7B (target) models, our method achieves up to a 35% reduction in latency compared to cloud-based autoregressive decoding, with an additional 11% improvement from preemptive drafting. To demonstrate real-world applicability, we deploy our method on the Unitree Go2 quadruped robot using Vision-Language Model (VLM) based control, achieving a 21% speedup over traditional cloud-based autoregressive decoding. These results demonstrate the potential of our framework for real-time LLM and VLM applications on resource-constrained edge devices.",https://arxiv.org/pdf/2505.21594v1
http://arxiv.org/abs/2505.14427v1,SkyMemory: A LEO Edge Cache for Transformer Inference Optimization and Scale Out,Thomas Sandholm; Sayandev Mukherjee; Lin Cheng; Bernardo A. Huberman,cs.DC,cs.DC,2025-05-20T14:38:34Z,2025-05-20T14:38:34Z,,,,"We expand the scope of cache memory to include LEO constellations, which are highly distributed systems with thousands of satellites connected with free-space optics inter-satellite links (ISL) always only one hop from any point on earth. We show how to increase the number of cache hits and improve the speed of inference for the important use case of LLMs. These benefits apply not only to LLMs, both terrestrially hosted and on satellites, but also generalize to any cache distributed over multiple locations that needs to be accessed in a timely manner. We show the benefit of our key value cache (KVC) protocol in simulations and present a proof-of-concept implementation of the protocol for KVCs on a testbed comprising 5 Intel NUC Linux mini PCs hosting a 19x5 constellation, with an NVIDIA Jetson Nano 8GB GPU hosting the LLM.",https://arxiv.org/pdf/2505.14427v1
http://arxiv.org/abs/2503.16488v1,VocalEyes: Enhancing Environmental Perception for the Visually Impaired through Vision-Language Models and Distance-Aware Object Detection,Kunal Chavan; Keertan Balaji; Spoorti Barigidad; Samba Raju Chiluveru,cs.HC,cs.HC; cs.CV; cs.LG,2025-03-10T13:40:13Z,2025-03-10T13:40:13Z,10.1109/ICEI64305.2024.10912415,,,"With an increasing demand for assistive technologies that promote the independence and mobility of visually impaired people, this study suggests an innovative real-time system that gives audio descriptions of a user's surroundings to improve situational awareness. The system acquires live video input and processes it with a quantized and fine-tuned Florence-2 big model, adjusted to 4-bit accuracy for efficient operation on low-power edge devices such as the NVIDIA Jetson Orin Nano. By transforming the video signal into frames with a 5-frame latency, the model provides rapid and contextually pertinent descriptions of objects, pedestrians, and barriers, together with their estimated distances. The system employs Parler TTS Mini, a lightweight and adaptable Text-to-Speech (TTS) solution, for efficient audio feedback. It accommodates 34 distinct speaker types and enables customization of speech tone, pace, and style to suit user requirements. This study examines the quantization and fine-tuning techniques utilized to modify the Florence-2 model for this application, illustrating how the integration of a compact model architecture with a versatile TTS component improves real-time performance and user experience. The proposed system is assessed based on its accuracy, efficiency, and usefulness, providing a viable option to aid vision-impaired users in navigating their surroundings securely and successfully.",https://arxiv.org/pdf/2503.16488v1
http://arxiv.org/abs/2503.04341v1,Eventprop training for efficient neuromorphic applications,Thomas Shoesmith; James C. Knight; Balázs Mészáros; Jonathan Timcheck; Thomas Nowotny,cs.NE,cs.NE; cs.ET,2025-03-06T11:38:46Z,2025-03-06T11:38:46Z,,,"7 pages, 4 figures; Accepted to NICE 2025, 25-28 March 2025, Heidelberg","Neuromorphic computing can reduce the energy requirements of neural networks and holds the promise to `repatriate' AI workloads back from the cloud to the edge. However, training neural networks on neuromorphic hardware has remained elusive. Here, we instead present a pipeline for training spiking neural networks on GPUs, using the efficient event-driven Eventprop algorithm implemented in mlGeNN, and deploying them on Intel's Loihi 2 neuromorphic chip. Our benchmarking on keyword spotting tasks indicates that there is almost no loss in accuracy between GPU and Loihi 2 implementations and that classifying a sample on Loihi 2 is up to 10X faster and uses 200X less energy than on an NVIDIA Jetson Orin Nano.",https://arxiv.org/pdf/2503.04341v1
http://arxiv.org/abs/2502.16473v2,TerEffic: Highly Efficient Ternary LLM Inference on FPGA,Chenyang Yin; Zhenyu Bai; Pranav Venkatram; Shivam Aggarwal; Zhaoying Li; Tulika Mitra,cs.AR,cs.AR,2025-02-23T07:16:51Z,2025-05-01T05:05:03Z,,,,"Deploying Large Language Models (LLMs) efficiently on edge devices is often constrained by limited memory capacity and high power consumption. Low-bit quantization methods, particularly ternary quantization, have demonstrated significant potential in preserving model accuracy while substantially decreasing memory footprint and computational costs. However, existing general-purpose architectures and accelerators have not fully exploited the advantages of low-bit quantization due to insufficient specialized hardware support. We introduce TerEffic, an FPGA-based architecture tailored for ternary-quantized LLM inference. The proposed system offers flexibility through reconfigurable hardware to meet various system requirements. We evaluated two representative configurations: a fully on-chip design that stores all weights within on-chip memories, scaling out using multiple FPGAs, and an HBM-assisted design capable of accommodating larger models on a single FPGA board. Experimental results demonstrate significant performance and energy efficiency improvements. For single-batch inference on a 370 M-parameter model, our fully on-chip architecture achieves 16,300 tokens/second, delivering a throughput 192 times higher than NVIDIA Jetson Orin Nano with a power efficiency of 455 tokens/second/W, marking a 19-fold improvement. The HBM-assisted architecture processes 727 tokens/second for a larger 2.7B-parameter model, which is 3 times of the throughput of NVIDIA A100, while consuming only 46W, resulting in a power efficiency of 16 tokens/second/W, an 8-fold improvement over the A100.",https://arxiv.org/pdf/2502.16473v2
http://arxiv.org/abs/2502.14226v1,Designing Parameter and Compute Efficient Diffusion Transformers using Distillation,Vignesh Sundaresha,cs.CV,cs.CV; eess.IV,2025-02-20T03:40:02Z,2025-02-20T03:40:02Z,,,4 pages,"Diffusion Transformers (DiTs) with billions of model parameters form the backbone of popular image and video generation models like DALL.E, Stable-Diffusion and SORA. Though these models are necessary in many low-latency applications like Augmented/Virtual Reality, they cannot be deployed on resource-constrained Edge devices (like Apple Vision Pro or Meta Ray-Ban glasses) due to their huge computational complexity. To overcome this, we turn to knowledge distillation and perform a thorough design-space exploration to achieve the best DiT for a given parameter size. In particular, we provide principles for how to choose design knobs such as depth, width, attention heads and distillation setup for a DiT. During the process, a three-way trade-off emerges between model performance, size and speed that is crucial for Edge implementation of diffusion. We also propose two distillation approaches - Teaching Assistant (TA) method and Multi-In-One (MI1) method - to perform feature distillation in the DiT context. Unlike existing solutions, we demonstrate and benchmark the efficacy of our approaches on practical Edge devices such as NVIDIA Jetson Orin Nano.",https://arxiv.org/pdf/2502.14226v1
http://arxiv.org/abs/2502.14090v1,MambaLiteSR: Image Super-Resolution with Low-Rank Mamba using Knowledge Distillation,Romina Aalishah; Mozhgan Navardi; Tinoosh Mohsenin,eess.IV,eess.IV; cs.CV,2025-02-19T20:32:03Z,2025-02-19T20:32:03Z,,,"Special Session: Generative AI on Edge, 26th International Symposium on Quality Electronic Design (ISQED'25)","Generative Artificial Intelligence (AI) has gained significant attention in recent years, revolutionizing various applications across industries. Among these, advanced vision models for image super-resolution are in high demand, particularly for deployment on edge devices where real-time processing is crucial. However, deploying such models on edge devices is challenging due to limited computing power and memory. In this paper, we present MambaLiteSR, a novel lightweight image Super-Resolution (SR) model that utilizes the architecture of Vision Mamba. It integrates State Space Blocks and a reconstruction module for efficient feature extraction. To optimize efficiency without affecting performance, MambaLiteSR employs knowledge distillation to transfer key insights from a larger Mamba-based teacher model to a smaller student model via hyperparameter tuning. Through mathematical analysis of model parameters and their impact on PSNR, we identify key factors and adjust them accordingly. Our comprehensive evaluation shows that MambaLiteSR outperforms state-of-the-art edge SR methods by reducing power consumption while maintaining competitive PSNR and SSIM scores across benchmark datasets. It also reduces power usage during training via low-rank approximation. Moreover, MambaLiteSR reduces parameters with minimal performance loss, enabling efficient deployment of generative AI models on resource-constrained devices. Deployment on the embedded NVIDIA Jetson Orin Nano confirms the superior balance of MambaLiteSR size, latency, and efficiency. Experiments show that MambaLiteSR achieves performance comparable to both the baseline and other edge models while using 15% fewer parameters. It also improves power consumption by up to 58% compared to state-of-the-art SR edge models, all while maintaining low energy use during training.",https://arxiv.org/pdf/2502.14090v1
http://arxiv.org/abs/2502.15737v1,A Performance Analysis of You Only Look Once Models for Deployment on Constrained Computational Edge Devices in Drone Applications,Lucas Rey; Ana M. Bernardos; Andrzej D. Dobrzycki; David Carramiñana; Luca Bergesio; Juan A. Besada; José Ramón Casar,cs.DC,cs.DC; cs.AI; cs.CV,2025-02-06T17:22:01Z,2025-02-06T17:22:01Z,10.3390/electronics14030638,"Electronics 2025, 14(3), 638","This manuscript consists of 24 pages, 7 figures, and 7 tables","Advancements in embedded systems and Artificial Intelligence (AI) have enhanced the capabilities of Unmanned Aircraft Vehicles (UAVs) in computer vision. However, the integration of AI techniques o-nboard drones is constrained by their processing capabilities. In this sense, this study evaluates the deployment of object detection models (YOLOv8n and YOLOv8s) on both resource-constrained edge devices and cloud environments. The objective is to carry out a comparative performance analysis using a representative real-time UAV image processing pipeline. Specifically, the NVIDIA Jetson Orin Nano, Orin NX, and Raspberry Pi 5 (RPI5) devices have been tested to measure their detection accuracy, inference speed, and energy consumption, and the effects of post-training quantization (PTQ). The results show that YOLOv8n surpasses YOLOv8s in its inference speed, achieving 52 FPS on the Jetson Orin NX and 65 fps with INT8 quantization. Conversely, the RPI5 failed to satisfy the real-time processing needs in spite of its suitability for low-energy consumption applications. An analysis of both the cloud-based and edge-based end-to-end processing times showed that increased communication latencies hindered real-time applications, revealing trade-offs between edge (low latency) and cloud processing (quick processing). Overall, these findings contribute to providing recommendations and optimization strategies for the deployment of AI models on UAVs.",https://arxiv.org/pdf/2502.15737v1
http://arxiv.org/abs/2412.12371v1,Priority-Aware Model-Distributed Inference at Edge Networks,Teng Li; Hulya Seferoglu,cs.DC,cs.DC; cs.LG,2024-12-16T22:01:55Z,2024-12-16T22:01:55Z,,,,"Distributed inference techniques can be broadly classified into data-distributed and model-distributed schemes. In data-distributed inference (DDI), each worker carries the entire Machine Learning (ML) model but processes only a subset of the data. However, feeding the data to workers results in high communication costs, especially when the data is large. An emerging paradigm is model-distributed inference (MDI), where each worker carries only a subset of ML layers. In MDI, a source device that has data processes a few layers of ML model and sends the output to a neighboring device, i.e., offloads the rest of the layers. This process ends when all layers are processed in a distributed manner. In this paper, we investigate the design and development of MDI when multiple data sources co-exist. We consider that each data source has a different importance and, hence, a priority. We formulate and solve a priority-aware model allocation optimization problem. Based on the structure of the optimal solution, we design a practical Priority-Aware Model- Distributed Inference (PA-MDI) algorithm that determines model allocation and distribution over devices by taking into account the priorities of different sources. Experiments were conducted on a real-life testbed of NVIDIA Jetson Xavier and Nano edge devices as well as in the Colosseum testbed with ResNet-50, ResNet- 56, and GPT-2 models. The experimental results show that PA-MDI performs priority-aware model allocation successfully while reducing the inference time as compared to baselines.",https://arxiv.org/pdf/2412.12371v1
http://arxiv.org/abs/2412.06101v1,Self-supervised cost of transport estimation for multimodal path planning,Vincent Gherold; Ioannis Mandralis; Eric Sihite; Adarsh Salagame; Alireza Ramezani; Morteza Gharib,cs.RO,cs.RO; cs.CV; cs.LG,2024-12-08T23:02:35Z,2024-12-08T23:02:35Z,,,,"Autonomous robots operating in real environments are often faced with decisions on how best to navigate their surroundings. In this work, we address a particular instance of this problem: how can a robot autonomously decide on the energetically optimal path to follow given a high-level objective and information about the surroundings? To tackle this problem we developed a self-supervised learning method that allows the robot to estimate the cost of transport of its surroundings using only vision inputs. We apply our method to the multi-modal mobility morphobot (M4), a robot that can drive, fly, segway, and crawl through its environment. By deploying our system in the real world, we show that our method accurately assigns different cost of transports to various types of environments e.g. grass vs smooth road. We also highlight the low computational cost of our method, which is deployed on an Nvidia Jetson Orin Nano robotic compute unit. We believe that this work will allow multi-modal robotic platforms to unlock their full potential for navigation and exploration tasks.",https://arxiv.org/pdf/2412.06101v1
http://arxiv.org/abs/2411.04224v1,WiFlexFormer: Efficient WiFi-Based Person-Centric Sensing,Julian Strohmayer; Matthias Wödlinger; Martin Kampel,cs.CV,cs.CV; cs.AI; cs.ET; cs.LG,2024-11-06T19:44:36Z,2024-11-06T19:44:36Z,,,,"We propose WiFlexFormer, a highly efficient Transformer-based architecture designed for WiFi Channel State Information (CSI)-based person-centric sensing. We benchmark WiFlexFormer against state-of-the-art vision and specialized architectures for processing radio frequency data and demonstrate that it achieves comparable Human Activity Recognition (HAR) performance while offering a significantly lower parameter count and faster inference times. With an inference time of just 10 ms on an Nvidia Jetson Orin Nano, WiFlexFormer is optimized for real-time inference. Additionally, its low parameter count contributes to improved cross-domain generalization, where it often outperforms larger models. Our comprehensive evaluation shows that WiFlexFormer is a potential solution for efficient, scalable WiFi-based sensing applications. The PyTorch implementation of WiFlexFormer is publicly available at: https://github.com/StrohmayerJ/WiFlexFormer.",https://arxiv.org/pdf/2411.04224v1
http://arxiv.org/abs/2410.21991v7,A Lightweight Dual-Branch System for Weakly-Supervised Video Anomaly Detection on Consumer Edge Devices,Wen-Dong Jiang; Chih-Yung Chang; Ssu-Chi Kuai; Diptendu Sinha Roy,cs.CV,cs.CV; cs.AI,2024-10-29T12:22:07Z,2025-06-06T17:04:26Z,,,"This manuscript has been submitted to IEEE TCE and is under consideration for publication, with potential copyright transfer in the future","The growing demand for intelligent security in consumer electronics, such as smart home cameras and personal monitoring systems, is often hindered by the high computational cost and large model sizes of advanced AI. These limitations prevent the effective deployment of real-time Video Anomaly Detection (VAD) on resource-constrained edge devices. To bridge this gap, this paper introduces Rule-based Video Anomaly Detection (RuleVAD), a novel, lightweight system engineered for high-efficiency and low-complexity threat detection directly on consumer hardware. RuleVAD features an innovative decoupled dual-branch architecture to minimize computational load. An implicit branch uses visual features for rapid, coarse-grained binary classification, efficiently filtering out normal activity to avoid unnecessary processing. For potentially anomalous or complex events, a multimodal explicit branch takes over. This branch leverages YOLO-World to detect objects and applies data mining to generate interpretable, text-based association rules from the scene. By aligning these rules with visual data, RuleVAD achieves a more nuanced, fine-grained classification, significantly reducing the false alarms common in vision-only systems. Extensive experiments on the XD-Violence and UCF-Crime benchmark datasets show that RuleVAD achieves superior performance, surpassing existing state-of-the-art methods in both accuracy and speed. Crucially, the entire system is optimized for low-power operation and is fully deployable on an NVIDIA Jetson Nano board, demonstrating its practical feasibility for bringing advanced, real-time security monitoring to everyday consumer electronic devices.",https://arxiv.org/pdf/2410.21991v7
http://arxiv.org/abs/2410.08769v1,Efficient Multi-Object Tracking on Edge Devices via Reconstruction-Based Channel Pruning,Jan Müller; Adrian Pigors,cs.CV,cs.CV; cs.AI,2024-10-11T12:37:42Z,2024-10-11T12:37:42Z,10.25968/opus-3429,,,"The advancement of multi-object tracking (MOT) technologies presents the dual challenge of maintaining high performance while addressing critical security and privacy concerns. In applications such as pedestrian tracking, where sensitive personal data is involved, the potential for privacy violations and data misuse becomes a significant issue if data is transmitted to external servers. To mitigate these risks, processing data directly on an edge device, such as a smart camera, has emerged as a viable solution. Edge computing ensures that sensitive information remains local, thereby aligning with stringent privacy principles and significantly reducing network latency. However, the implementation of MOT on edge devices is not without its challenges. Edge devices typically possess limited computational resources, necessitating the development of highly optimized algorithms capable of delivering real-time performance under these constraints. The disparity between the computational requirements of state-of-the-art MOT algorithms and the capabilities of edge devices emphasizes a significant obstacle. To address these challenges, we propose a neural network pruning method specifically tailored to compress complex networks, such as those used in modern MOT systems. This approach optimizes MOT performance by ensuring high accuracy and efficiency within the constraints of limited edge devices, such as NVIDIA's Jetson Orin Nano. By applying our pruning method, we achieve model size reductions of up to 70% while maintaining a high level of accuracy and further improving performance on the Jetson Orin Nano, demonstrating the effectiveness of our approach for edge computing applications.",https://arxiv.org/pdf/2410.08769v1
http://arxiv.org/abs/2410.10847v1,Lotus: learning-based online thermal and latency variation management for two-stage detectors on edge devices,Yifan Gong; Yushu Wu; Zheng Zhan; Pu Zhao; Liangkai Liu; Chao Wu; Xulong Tang; Yanzhi Wang,cs.CV,cs.CV; cs.LG,2024-10-01T18:00:09Z,2024-10-01T18:00:09Z,,,"DAC'24, code is available at: https://github.com/wuyushuwys/LOTUS","Two-stage object detectors exhibit high accuracy and precise localization, especially for identifying small objects that are favorable for various edge applications. However, the high computation costs associated with two-stage detection methods cause more severe thermal issues on edge devices, incurring dynamic runtime frequency change and thus large inference latency variations. Furthermore, the dynamic number of proposals in different frames leads to various computations over time, resulting in further latency variations. The significant latency variations of detectors on edge devices can harm user experience and waste hardware resources. To avoid thermal throttling and provide stable inference speed, we propose Lotus, a novel framework that is tailored for two-stage detectors to dynamically scale CPU and GPU frequencies jointly in an online manner based on deep reinforcement learning (DRL). To demonstrate the effectiveness of Lotus, we implement it on NVIDIA Jetson Orin Nano and Mi 11 Lite mobile platforms. The results indicate that Lotus can consistently and significantly reduce latency variation, achieve faster inference, and maintain lower CPU and GPU temperatures under various settings.",https://arxiv.org/pdf/2410.10847v1
http://arxiv.org/abs/2409.09753v1,DARDA: Domain-Aware Real-Time Dynamic Neural Network Adaptation,Shahriar Rifat; Jonathan Ashdown; Francesco Restuccia,cs.CV,cs.CV; cs.AI; cs.LG,2024-09-15T14:49:30Z,2024-09-15T14:49:30Z,,,,"Test Time Adaptation (TTA) has emerged as a practical solution to mitigate the performance degradation of Deep Neural Networks (DNNs) in the presence of corruption/ noise affecting inputs. Existing approaches in TTA continuously adapt the DNN, leading to excessive resource consumption and performance degradation due to accumulation of error stemming from lack of supervision. In this work, we propose Domain-Aware Real-Time Dynamic Adaptation (DARDA) to address such issues. Our key approach is to proactively learn latent representations of some corruption types, each one associated with a sub-network state tailored to correctly classify inputs affected by that corruption. After deployment, DARDA adapts the DNN to previously unseen corruptions in an unsupervised fashion by (i) estimating the latent representation of the ongoing corruption; (ii) selecting the sub-network whose associated corruption is the closest in the latent space to the ongoing corruption; and (iii) adapting DNN state, so that its representation matches the ongoing corruption. This way, DARDA is more resource efficient and can swiftly adapt to new distributions caused by different corruptions without requiring a large variety of input data. Through experiments with two popular mobile edge devices - Raspberry Pi and NVIDIA Jetson Nano - we show that DARDA reduces energy consumption and average cache memory footprint respectively by 1.74x and 2.64x with respect to the state of the art, while increasing the performance by 10.4%, 5.7% and 4.4% on CIFAR-10, CIFAR-100 and TinyImagenet.",https://arxiv.org/pdf/2409.09753v1
http://arxiv.org/abs/2409.06693v2,Technical Report of Mobile Manipulator Robot for Industrial Environments,Erfan Amoozad Khalili; Kiarash Ghasemzadeh; Hossein Gohari; Mohammadreza Jafari; Matin Jamshidi; Mahdi Khaksar; AmirReza AkramiFard; Mana Hatamzadeh; Saba Sadeghi; Mohammad Hossein Moaiyeri,cs.RO,cs.RO,2024-09-10T17:55:29Z,2024-10-27T09:29:07Z,,,,"This paper describes Auriga's @Work team and their robot, developed at Shahid Beheshti University Faculty of Electrical Engineering's Robotics and Intelligent Automation Lab for RoboCup 2024 competitions. The robot is designed for industrial tasks, optimizing efficiency in repetitive or hazardous environments. It features a 4-wheel Mecanum system for omnidirectional movement and a 5-degree-of-freedom manipulator arm with a 3D-printed gripper for object handling and navigation. The electronics include custom boards with ESP32 microcontrollers and an Nvidia Jetson Nano for real-time control. Key software components include Hector SLAM for mapping, A* path planning, and YOLO for object detection, supported by integrated sensors for enhanced navigation and collision avoidance.",https://arxiv.org/pdf/2409.06693v2
http://arxiv.org/abs/2408.12978v1,Energy-Efficient Spiking Recurrent Neural Network for Gesture Recognition on Embedded GPUs,Marzieh Hassanshahi Varposhti; Mahyar Shahsavari; Marcel van Gerven,cs.LG,cs.LG,2024-08-23T10:50:29Z,2024-08-23T10:50:29Z,,,,"Implementing AI algorithms on event-based embedded devices enables real-time processing of data, minimizes latency, and enhances power efficiency in edge computing. This research explores the deployment of a spiking recurrent neural network (SRNN) with liquid time constant neurons for gesture recognition. We focus on the energy efficiency and computational efficacy of NVIDIA Jetson Nano embedded GPU platforms. The embedded GPU showcases a 14-fold increase in power efficiency relative to a conventional GPU, making a compelling argument for its use in energy-constrained applications. The study's empirical findings also highlight that batch processing significantly boosts frame rates across various batch sizes while maintaining accuracy levels well above the baseline. These insights validate the SRNN with liquid time constant neurons as a robust model for interpreting temporal-spatial data in gesture recognition, striking a critical balance between processing speed and power frugality.",https://arxiv.org/pdf/2408.12978v1
http://arxiv.org/abs/2407.17587v1,S-E Pipeline: A Vision Transformer (ViT) based Resilient Classification Pipeline for Medical Imaging Against Adversarial Attacks,Neha A S; Vivek Chaturvedi; Muhammad Shafique,cs.CV,cs.CV; cs.LG,2024-07-23T17:20:40Z,2024-07-23T17:20:40Z,,,,"Vision Transformer (ViT) is becoming widely popular in automating accurate disease diagnosis in medical imaging owing to its robust self-attention mechanism. However, ViTs remain vulnerable to adversarial attacks that may thwart the diagnosis process by leading it to intentional misclassification of critical disease. In this paper, we propose a novel image classification pipeline, namely, S-E Pipeline, that performs multiple pre-processing steps that allow ViT to be trained on critical features so as to reduce the impact of input perturbations by adversaries. Our method uses a combination of segmentation and image enhancement techniques such as Contrast Limited Adaptive Histogram Equalization (CLAHE), Unsharp Masking (UM), and High-Frequency Emphasis filtering (HFE) as preprocessing steps to identify critical features that remain intact even after adversarial perturbations. The experimental study demonstrates that our novel pipeline helps in reducing the effect of adversarial attacks by 72.22% for the ViT-b32 model and 86.58% for the ViT-l32 model. Furthermore, we have shown an end-to-end deployment of our proposed method on the NVIDIA Jetson Orin Nano board to demonstrate its practical use case in modern hand-held devices that are usually resource-constrained.",https://arxiv.org/pdf/2407.17587v1
http://arxiv.org/abs/2406.17749v1,Benchmarking Deep Learning Models on NVIDIA Jetson Nano for Real-Time Systems: An Empirical Investigation,Tushar Prasanna Swaminathan; Christopher Silver; Thangarajah Akilan,cs.AR,cs.AR; cs.CV; cs.LG,2024-06-25T17:34:52Z,2024-06-25T17:34:52Z,,,"7 pages, 4 figures","The proliferation of complex deep learning (DL) models has revolutionized various applications, including computer vision-based solutions, prompting their integration into real-time systems. However, the resource-intensive nature of these models poses challenges for deployment on low-computational power and low-memory devices, like embedded and edge devices. This work empirically investigates the optimization of such complex DL models to analyze their functionality on an embedded device, particularly on the NVIDIA Jetson Nano. It evaluates the effectiveness of the optimized models in terms of their inference speed for image classification and video action detection. The experimental results reveal that, on average, optimized models exhibit a 16.11% speed improvement over their non-optimized counterparts. This not only emphasizes the critical need to consider hardware constraints and environmental sustainability in model development and deployment but also underscores the pivotal role of model optimization in enabling the widespread deployment of AI-assisted technologies on resource-constrained computational systems. It also serves as proof that prioritizing hardware-specific model optimization leads to efficient and scalable solutions that substantially decrease energy consumption and carbon footprint.",https://arxiv.org/pdf/2406.17749v1
http://arxiv.org/abs/2406.11319v1,Low-power Ship Detection in Satellite Images Using Neuromorphic Hardware,Gregor Lenz; Douglas McLelland,cs.CV,cs.CV,2024-06-17T08:36:12Z,2024-06-17T08:36:12Z,,,,"Transmitting Earth observation image data from satellites to ground stations incurs significant costs in terms of power and bandwidth. For maritime ship detection, on-board data processing can identify ships and reduce the amount of data sent to the ground. However, most images captured on board contain only bodies of water or land, with the Airbus Ship Detection dataset showing only 22.1\% of images containing ships. We designed a low-power, two-stage system to optimize performance instead of relying on a single complex model. The first stage is a lightweight binary classifier that acts as a gating mechanism to detect the presence of ships. This stage runs on Brainchip's Akida 1.0, which leverages activation sparsity to minimize dynamic power consumption. The second stage employs a YOLOv5 object detection model to identify the location and size of ships. This approach achieves a mean Average Precision (mAP) of 76.9\%, which increases to 79.3\% when evaluated solely on images containing ships, by reducing false positives. Additionally, we calculated that evaluating the full validation set on a NVIDIA Jetson Nano device requires 111.4 kJ of energy. Our two-stage system reduces this energy consumption to 27.3 kJ, which is less than a fourth, demonstrating the efficiency of a heterogeneous computing system.",https://arxiv.org/pdf/2406.11319v1
http://arxiv.org/abs/2405.16953v1,Evaluation of Resource-Efficient Crater Detectors on Embedded Systems,Simon Vellas; Bill Psomas; Kalliopi Karadima; Dimitrios Danopoulos; Alexandros Paterakis; George Lentaris; Dimitrios Soudris; Konstantinos Karantzalos,cs.CV,cs.CV; cs.DC; cs.PF,2024-05-27T08:45:57Z,2024-05-27T08:45:57Z,,,Accepted at 2024 IEEE International Geoscience and Remote Sensing Symposium,"Real-time analysis of Martian craters is crucial for mission-critical operations, including safe landings and geological exploration. This work leverages the latest breakthroughs for on-the-edge crater detection aboard spacecraft. We rigorously benchmark several YOLO networks using a Mars craters dataset, analyzing their performance on embedded systems with a focus on optimization for low-power devices. We optimize this process for a new wave of cost-effective, commercial-off-the-shelf-based smaller satellites. Implementations on diverse platforms, including Google Coral Edge TPU, AMD Versal SoC VCK190, Nvidia Jetson Nano and Jetson AGX Orin, undergo a detailed trade-off analysis. Our findings identify optimal network-device pairings, enhancing the feasibility of crater detection on resource-constrained hardware and setting a new precedent for efficient and resilient extraterrestrial imaging. Code at: https://github.com/billpsomas/mars_crater_detection.",https://arxiv.org/pdf/2405.16953v1
http://arxiv.org/abs/2405.12633v1,Automating Attendance Management in Human Resources: A Design Science Approach Using Computer Vision and Facial Recognition,Bao-Thien Nguyen-Tat; Minh-Quoc Bui; Vuong M. Ngo,cs.CV,cs.CV; cs.AI; cs.AR; cs.HC; eess.SY,2024-05-21T09:38:56Z,2024-05-21T09:38:56Z,,,"31 pages, accepted to publish by the International Journal of Information Management Data Insights (IJIMDS) in 2024","Haar Cascade is a cost-effective and user-friendly machine learning-based algorithm for detecting objects in images and videos. Unlike Deep Learning algorithms, which typically require significant resources and expensive computing costs, it uses simple image processing techniques like edge detection and Haar features that are easy to comprehend and implement. By combining Haar Cascade with OpenCV2 on an embedded computer like the NVIDIA Jetson Nano, this system can accurately detect and match faces in a database for attendance tracking. This system aims to achieve several specific objectives that set it apart from existing solutions. It leverages Haar Cascade, enriched with carefully selected Haar features, such as Haar-like wavelets, and employs advanced edge detection techniques. These techniques enable precise face detection and matching in both images and videos, contributing to high accuracy and robust performance. By doing so, it minimizes manual intervention and reduces errors, thereby strengthening accountability. Additionally, the integration of OpenCV2 and the NVIDIA Jetson Nano optimizes processing efficiency, making it suitable for resource-constrained environments. This system caters to a diverse range of educational institutions, including schools, colleges, vocational training centers, and various workplace settings such as small businesses, offices, and factories. ... The system's affordability and efficiency democratize attendance management technology, making it accessible to a broader audience. Consequently, it has the potential to transform attendance tracking and management practices, ultimately leading to heightened productivity and accountability. In conclusion, this system represents a groundbreaking approach to attendance tracking and management...",https://arxiv.org/pdf/2405.12633v1
http://arxiv.org/abs/2405.07349v1,WeedScout: Real-Time Autonomous blackgrass Classification and Mapping using dedicated hardware,Matthew Gazzard; Helen Hicks; Isibor Kennedy Ihianle; Jordan J. Bird; Md Mahmudul Hasan; Pedro Machado,cs.RO,cs.RO; cs.AI,2024-05-12T18:04:41Z,2024-05-12T18:04:41Z,,,,"Blackgrass (Alopecurus myosuroides) is a competitive weed that has wide-ranging impacts on food security by reducing crop yields and increasing cultivation costs. In addition to the financial burden on agriculture, the application of herbicides as a preventive to blackgrass can negatively affect access to clean water and sanitation. The WeedScout project introduces a Real-Rime Autonomous Black-Grass Classification and Mapping (RT-ABGCM), a cutting-edge solution tailored for real-time detection of blackgrass, for precision weed management practices. Leveraging Artificial Intelligence (AI) algorithms, the system processes live image feeds, infers blackgrass density, and covers two stages of maturation. The research investigates the deployment of You Only Look Once (YOLO) models, specifically the streamlined YOLOv8 and YOLO-NAS, accelerated at the edge with the NVIDIA Jetson Nano (NJN). By optimising inference speed and model performance, the project advances the integration of AI into agricultural practices, offering potential solutions to challenges such as herbicide resistance and environmental impact. Additionally, two datasets and model weights are made available to the research community, facilitating further advancements in weed detection and precision farming technologies.",https://arxiv.org/pdf/2405.07349v1
http://arxiv.org/abs/2405.01004v1,"Deep Learning Models in Speech Recognition: Measuring GPU Energy Consumption, Impact of Noise and Model Quantization for Edge Deployment",Aditya Chakravarty,cs.SD,cs.SD; cs.AI; cs.CV; cs.HC; cs.LG; eess.AS,2024-05-02T05:09:07Z,2024-05-02T05:09:07Z,,,,"Recent transformer-based ASR models have achieved word-error rates (WER) below 4%, surpassing human annotator accuracy, yet they demand extensive server resources, contributing to significant carbon footprints. The traditional server-based architecture of ASR also presents privacy concerns, alongside reliability and latency issues due to network dependencies. In contrast, on-device (edge) ASR enhances privacy, boosts performance, and promotes sustainability by effectively balancing energy use and accuracy for specific applications. This study examines the effects of quantization, memory demands, and energy consumption on the performance of various ASR model inference on the NVIDIA Jetson Orin Nano. By analyzing WER and transcription speed across models using FP32, FP16, and INT8 quantization on clean and noisy datasets, we highlight the crucial trade-offs between accuracy, speeds, quantization, energy efficiency, and memory needs. We found that changing precision from fp32 to fp16 halves the energy consumption for audio transcription across different models, with minimal performance degradation. A larger model size and number of parameters neither guarantees better resilience to noise, nor predicts the energy consumption for a given transcription load. These, along with several other findings offer novel insights for optimizing ASR systems within energy- and memory-limited environments, crucial for the development of efficient on-device ASR solutions. The code and input data needed to reproduce the results in this article are open sourced are available on [https://github.com/zzadiues3338/ASR-energy-jetson].",https://arxiv.org/pdf/2405.01004v1
http://arxiv.org/abs/2404.11230v1,Energy-Efficient Uncertainty-Aware Biomass Composition Prediction at the Edge,Muhammad Zawish; Paul Albert; Flavio Esposito; Steven Davy; Lizy Abraham,cs.CV,cs.CV; cs.AI,2024-04-17T10:26:49Z,2024-04-17T10:26:49Z,,,The paper has been accepted to CVPR 2024 5th Workshop on Vision for Agriculture,"Clover fixates nitrogen from the atmosphere to the ground, making grass-clover mixtures highly desirable to reduce external nitrogen fertilization. Herbage containing clover additionally promotes higher food intake, resulting in higher milk production. Herbage probing however remains largely unused as it requires a time-intensive manual laboratory analysis. Without this information, farmers are unable to perform localized clover sowing or take targeted fertilization decisions. Deep learning algorithms have been proposed with the goal to estimate the dry biomass composition from images of the grass directly in the fields. The energy-intensive nature of deep learning however limits deployment to practical edge devices such as smartphones. This paper proposes to fill this gap by applying filter pruning to reduce the energy requirement of existing deep learning solutions. We report that although pruned networks are accurate on controlled, high-quality images of the grass, they struggle to generalize to real-world smartphone images that are blurry or taken from challenging angles. We address this challenge by training filter-pruned models using a variance attenuation loss so they can predict the uncertainty of their predictions. When the uncertainty exceeds a threshold, we re-infer using a more accurate unpruned model. This hybrid approach allows us to reduce energy consumption while retaining a high accuracy. We evaluate our algorithm on two datasets: the GrassClover and the Irish clover using an NVIDIA Jetson Nano edge device. We find that we reduce energy reduction with respect to state-of-the-art solutions by 50% on average with only 4% accuracy loss.",https://arxiv.org/pdf/2404.11230v1
http://arxiv.org/abs/2403.09861v1,NN-Defined Modulator: Reconfigurable and Portable Software Modulator on IoT Gateways,Jiazhao Wang; Wenchao Jiang; Ruofeng Liu; Bin Hu; Demin Gao; Shuai Wang,cs.ET,cs.ET; cs.AI,2024-03-14T20:42:23Z,2024-03-14T20:42:23Z,,NSDI 2024,,"A physical-layer modulator is a vital component for an IoT gateway to map the symbols to signals. However, due to the soldered hardware chipsets on the gateway's motherboards or the diverse toolkits on different platforms for the software radio, the existing solutions either have limited extensibility or are platform-specific. Such limitation is hard to ignore when modulation schemes and hardware platforms have become extremely diverse. This paper presents a new paradigm of using neural networks as an abstraction layer for physical layer modulators in IoT gateway devices, referred to as NN-defined modulators. Our approach addresses the challenges of extensibility and portability for multiple technologies on various hardware platforms. The proposed NN-defined modulator uses a model-driven methodology rooted in solid mathematical foundations while having native support for hardware acceleration and portability to heterogeneous platforms. We conduct the evaluation of NN-defined modulators on different platforms, including Nvidia Jetson Nano and Raspberry Pi. Evaluations demonstrate that our NN-defined modulator effectively operates as conventional modulators and provides significant efficiency gains (up to $4.7\times$ on Nvidia Jetson Nano and $1.1\times$ on Raspberry Pi), indicating high portability. Furthermore, we show the real-world applications using our NN-defined modulators to generate ZigBee and WiFi packets, which are compliant with commodity TI CC2650 (ZigBee) and Intel AX201 (WiFi NIC), respectively.",https://arxiv.org/pdf/2403.09861v1
http://arxiv.org/abs/2403.08368v1,METER: a mobile vision transformer architecture for monocular depth estimation,L. Papa; P. Russo; I. Amerini,cs.CV,cs.CV,2024-03-13T09:30:08Z,2024-03-13T09:30:08Z,10.1109/TCSVT.2023.3260310,"IEEE Transactions on Circuits and Systems for Video Technology, 2023",,"Depth estimation is a fundamental knowledge for autonomous systems that need to assess their own state and perceive the surrounding environment. Deep learning algorithms for depth estimation have gained significant interest in recent years, owing to the potential benefits of this methodology in overcoming the limitations of active depth sensing systems. Moreover, due to the low cost and size of monocular cameras, researchers have focused their attention on monocular depth estimation (MDE), which consists in estimating a dense depth map from a single RGB video frame. State of the art MDE models typically rely on vision transformers (ViT) architectures that are highly deep and complex, making them unsuitable for fast inference on devices with hardware constraints. Purposely, in this paper, we address the problem of exploiting ViT in MDE on embedded devices. Those systems are usually characterized by limited memory capabilities and low-power CPU/GPU. We propose METER, a novel lightweight vision transformer architecture capable of achieving state of the art estimations and low latency inference performances on the considered embedded hardwares: NVIDIA Jetson TX1 and NVIDIA Jetson Nano. We provide a solution consisting of three alternative configurations of METER, a novel loss function to balance pixel estimation and reconstruction of image details, and a new data augmentation strategy to improve the overall final predictions. The proposed method outperforms previous lightweight works over the two benchmark datasets: the indoor NYU Depth v2 and the outdoor KITTI.",https://arxiv.org/pdf/2403.08368v1
http://arxiv.org/abs/2403.07153v1,2023 Low-Power Computer Vision Challenge (LPCVC) Summary,Leo Chen; Benjamin Boardley; Ping Hu; Yiru Wang; Yifan Pu; Xin Jin; Yongqiang Yao; Ruihao Gong; Bo Li; Gao Huang; Xianglong Liu; Zifu Wan; Xinwang Chen; Ning Liu; Ziyi Zhang; Dongping Liu; Ruijie Shan; Zhengping Che; Fachao Zhang; Xiaofeng Mou; Jian Tang; Maxim Chuprov; Ivan Malofeev; Alexander Goncharenko; Andrey Shcherbin; Arseny Yanchenko; Sergey Alyamkin; Xiao Hu; George K. Thiruvathukal; Yung Hsiang Lu,cs.CV,cs.CV,2024-03-11T20:51:18Z,2024-03-11T20:51:18Z,,,"LPCVC 2023, website: https://lpcv.ai/","This article describes the 2023 IEEE Low-Power Computer Vision Challenge (LPCVC). Since 2015, LPCVC has been an international competition devoted to tackling the challenge of computer vision (CV) on edge devices. Most CV researchers focus on improving accuracy, at the expense of ever-growing sizes of machine models. LPCVC balances accuracy with resource requirements. Winners must achieve high accuracy with short execution time when their CV solutions run on an embedded device, such as Raspberry PI or Nvidia Jetson Nano. The vision problem for 2023 LPCVC is segmentation of images acquired by Unmanned Aerial Vehicles (UAVs, also called drones) after disasters. The 2023 LPCVC attracted 60 international teams that submitted 676 solutions during the submission window of one month. This article explains the setup of the competition and highlights the winners' methods that improve accuracy and shorten execution time.",https://arxiv.org/pdf/2403.07153v1
http://arxiv.org/abs/2403.05340v1,Embedded Deployment of Semantic Segmentation in Medicine through Low-Resolution Inputs,Erik Ostrowski; Muhammad Shafique,eess.IV,eess.IV; cs.CV; cs.LG,2024-03-08T14:17:07Z,2024-03-08T14:17:07Z,,,,"When deploying neural networks in real-life situations, the size and computational effort are often the limiting factors. This is especially true in environments where big, expensive hardware is not affordable, like in embedded medical devices, where budgets are often tight. State-of-the-art proposed multiple different lightweight solutions for such use cases, mostly by changing the base model architecture, not taking the input and output resolution into consideration. In this paper, we propose our architecture that takes advantage of the fact that in hardware-limited environments, we often refrain from using the highest available input resolutions to guarantee a higher throughput. Although using lower-resolution input leads to a significant reduction in computing and memory requirements, it may also incur reduced prediction quality. Our architecture addresses this problem by exploiting the fact that we can still utilize high-resolution ground-truths in training. The proposed model inputs lower-resolution images and high-resolution ground truths, which can improve the prediction quality by 5.5% while adding less than 200 parameters to the model. %reducing the frames per second only from 25 to 20. We conduct an extensive analysis to illustrate that our architecture enhances existing state-of-the-art frameworks for lightweight semantic segmentation of cancer in MRI images. We also tested the deployment speed of state-of-the-art lightweight networks and our architecture on Nvidia's Jetson Nano to emulate deployment in resource-constrained embedded scenarios.",https://arxiv.org/pdf/2403.05340v1
http://arxiv.org/abs/2403.07921v3,Merino: Entropy-driven Design for Generative Language Models on IoT Devices,Youpeng Zhao; Ming Lin; Huadong Tang; Qiang Wu; Jun Wang,cs.LG,cs.LG; cs.AI; cs.CL,2024-02-28T03:20:27Z,2025-01-27T15:39:26Z,,,AAAI 2025,"Generative Large Language Models (LLMs) stand as a revolutionary advancement in the modern era of artificial intelligence (AI). However, scaling down LLMs for resource-constrained hardware, such as Internet-of-Things (IoT) devices requires non-trivial efforts and domain knowledge. In this paper, we propose a novel information-entropy framework for designing mobile-friendly generative language models. The whole design procedure involves solving a mathematical programming (MP) problem, which can be done on the CPU within minutes, making it nearly zero-cost. We evaluate our designed models, termed MeRino, across fourteen NLP downstream tasks, showing their competitive performance against the state-of-the-art autoregressive transformer models under the mobile setting. Notably, MeRino achieves similar or better performance on both language modeling and zero-shot learning tasks, compared to the 350M parameter OPT while being 4.9x faster on NVIDIA Jetson Nano with 5.5x reduction in model size.",https://arxiv.org/pdf/2403.07921v3
http://arxiv.org/abs/2402.13195v2,Design and Flight Demonstration of a Quadrotor for Urban Mapping and Target Tracking Research,Collin Hague; Nick Kakavitsas; Jincheng Zhang; Chris Beam; Andrew Willis; Artur Wolek,cs.RO,cs.RO; cs.CV; eess.SY,2024-02-20T18:06:00Z,2024-03-15T18:15:18Z,10.1109/SoutheastCon52093.2024.10500131,"SoutheastCon 2024, 559-564","7 pages, 10 figures, To be presented at IEEE SoutheastCon 2024","This paper describes the hardware design and flight demonstration of a small quadrotor with imaging sensors for urban mapping, hazard avoidance, and target tracking research. The vehicle is equipped with five cameras, including two pairs of fisheye stereo cameras that enable a nearly omnidirectional view and a two-axis gimbaled camera. An onboard NVIDIA Jetson Orin Nano computer running the Robot Operating System software is used for data collection. An autonomous tracking behavior was implemented to coordinate the motion of the quadrotor and gimbaled camera to track a moving GPS coordinate. The data collection system was demonstrated through a flight test that tracked a moving GPS-tagged vehicle through a series of roads and parking lots. A map of the environment was reconstructed from the collected images using the Direct Sparse Odometry (DSO) algorithm. The performance of the quadrotor was also characterized by acoustic noise, communication range, battery voltage in hover, and maximum speed tests.",https://arxiv.org/pdf/2402.13195v2
http://arxiv.org/abs/2401.13575v1,CNN architecture extraction on edge GPU,Peter Horvath; Lukasz Chmielewski; Leo Weissbart; Lejla Batina; Yuval Yarom,cs.CR,cs.CR; cs.LG,2024-01-24T16:40:30Z,2024-01-24T16:40:30Z,,,Will appear at the AIHWS 2024 workshop at ACNS 2024,"Neural networks have become popular due to their versatility and state-of-the-art results in many applications, such as image classification, natural language processing, speech recognition, forecasting, etc. These applications are also used in resource-constrained environments such as embedded devices. In this work, the susceptibility of neural network implementations to reverse engineering is explored on the NVIDIA Jetson Nano microcomputer via side-channel analysis. To this end, an architecture extraction attack is presented. In the attack, 15 popular convolutional neural network architectures (EfficientNets, MobileNets, NasNet, etc.) are implemented on the GPU of Jetson Nano and the electromagnetic radiation of the GPU is analyzed during the inference operation of the neural networks. The results of the analysis show that neural network architectures are easily distinguishable using deep learning-based side-channel analysis.",https://arxiv.org/pdf/2401.13575v1
http://arxiv.org/abs/2401.08105v1,Hardware Acceleration for Real-Time Wildfire Detection Onboard Drone Networks,Austin Briley; Fatemeh Afghah,cs.CV,cs.CV; cs.AI; eess.IV,2024-01-16T04:16:46Z,2024-01-16T04:16:46Z,,,"6 pages, 7 figures, NETROBOTICS conference submission","Early wildfire detection in remote and forest areas is crucial for minimizing devastation and preserving ecosystems. Autonomous drones offer agile access to remote, challenging terrains, equipped with advanced imaging technology that delivers both high-temporal and detailed spatial resolution, making them valuable assets in the early detection and monitoring of wildfires. However, the limited computation and battery resources of Unmanned Aerial Vehicles (UAVs) pose significant challenges in implementing robust and efficient image classification models. Current works in this domain often operate offline, emphasizing the need for solutions that can perform inference in real time, given the constraints of UAVs. To address these challenges, this paper aims to develop a real-time image classification and fire segmentation model. It presents a comprehensive investigation into hardware acceleration using the Jetson Nano P3450 and the implications of TensorRT, NVIDIA's high-performance deep-learning inference library, on fire classification accuracy and speed. The study includes implementations of Quantization Aware Training (QAT), Automatic Mixed Precision (AMP), and post-training mechanisms, comparing them against the latest baselines for fire segmentation and classification. All experiments utilize the FLAME dataset - an image dataset collected by low-altitude drones during a prescribed forest fire. This work contributes to the ongoing efforts to enable real-time, on-board wildfire detection capabilities for UAVs, addressing speed and the computational and energy constraints of these crucial monitoring systems. The results show a 13% increase in classification speed compared to similar models without hardware optimization. Comparatively, loss and accuracy are within 1.225% of the original values.",https://arxiv.org/pdf/2401.08105v1
http://arxiv.org/abs/2401.06690v1,Embedded Planogram Compliance Control System,M. Erkin Yücel; Serkan Topaloğlu; Cem Ünsalan,cs.CV,cs.CV,2024-01-12T16:54:26Z,2024-01-12T16:54:26Z,,,"16 pages, 3 figures","The retail sector presents several open and challenging problems that could benefit from advanced pattern recognition and computer vision techniques. One such critical challenge is planogram compliance control. In this study, we propose a complete embedded system to tackle this issue. Our system consists of four key components as image acquisition and transfer via stand-alone embedded camera module, object detection via computer vision and deep learning methods working on single board computers, planogram compliance control method again working on single board computers, and energy harvesting and power management block to accompany the embedded camera modules. The image acquisition and transfer block is implemented on the ESP-EYE camera module. The object detection block is based on YOLOv5 as the deep learning method and local feature extraction. We implement these methods on Raspberry Pi 4, NVIDIA Jetson Orin Nano, and NVIDIA Jetson AGX Orin as single board computers. The planogram compliance control block utilizes sequence alignment through a modified Needleman-Wunsch algorithm. This block is also working along with the object detection block on the same single board computers. The energy harvesting and power management block consists of solar and RF energy harvesting modules with suitable battery pack for operation. We tested the proposed embedded planogram compliance control system on two different datasets to provide valuable insights on its strengths and weaknesses. The results show that our method achieves F1 scores of 0.997 and 1.0 in object detection and planogram compliance control blocks, respectively. Furthermore, we calculated that the complete embedded system can work in stand-alone form up to two years based on battery. This duration can be further extended with the integration of the proposed solar and RF energy harvesting options.",https://arxiv.org/pdf/2401.06690v1
http://arxiv.org/abs/2312.11716v1,Squeezed Edge YOLO: Onboard Object Detection on Edge Devices,Edward Humes; Mozhgan Navardi; Tinoosh Mohsenin,cs.CV,cs.CV,2023-12-18T21:27:34Z,2023-12-18T21:27:34Z,,,ML with New Compute Paradigms (MLNCP) Workshop at NeurIPS 2023,"Demand for efficient onboard object detection is increasing due to its key role in autonomous navigation. However, deploying object detection models such as YOLO on resource constrained edge devices is challenging due to the high computational requirements of such models. In this paper, an compressed object detection model named Squeezed Edge YOLO is examined. This model is compressed and optimized to kilobytes of parameters in order to fit onboard such edge devices. To evaluate Squeezed Edge YOLO, two use cases - human and shape detection - are used to show the model accuracy and performance. Moreover, the model is deployed onboard a GAP8 processor with 8 RISC-V cores and an NVIDIA Jetson Nano with 4GB of memory. Experimental results show Squeezed Edge YOLO model size is optimized by a factor of 8x which leads to 76% improvements in energy efficiency and 3.3x faster throughout.",https://arxiv.org/pdf/2312.11716v1
http://arxiv.org/abs/2312.07783v3,BarraCUDA: Edge GPUs do Leak DNN Weights,Peter Horvath; Lukasz Chmielewski; Leo Weissbart; Lejla Batina; Yuval Yarom,cs.CR,cs.CR,2023-12-12T22:57:06Z,2024-10-01T16:50:38Z,,,To appear in USENIX Security 2025,"Over the last decade, applications of neural networks (NNs) have spread to various aspects of our lives. A large number of companies base their businesses on building products that use neural networks for tasks such as face recognition, machine translation, and self-driving cars. Much of the intellectual property underpinning these products is encoded in the exact parameters of the neural networks. Consequently, protecting these is of utmost priority to businesses. At the same time, many of these products need to operate under a strong threat model, in which the adversary has unfettered physical control of the product. In this work, we present BarraCUDA, a novel attack on general purpose Graphic Processing Units (GPUs) that can extract parameters of neural networks running on the popular Nvidia Jetson Nano device. BarraCUDA uses correlation electromagnetic analysis to recover parameters of real-world convolutional neural networks.",https://arxiv.org/pdf/2312.07783v3
http://arxiv.org/abs/2310.01259v3,SINF: Semantic Neural Network Inference with Semantic Subgraphs,A. Q. M. Sazzad Sayyed; Francesco Restuccia,cs.CV,cs.CV; cs.AI; cs.LG,2023-10-02T14:51:10Z,2025-09-22T15:57:13Z,,,"12 pages, 13 figures, conference format","This paper proposes Semantic Inference (SINF) that creates semantic subgraphs in a Deep Neural Network(DNN) based on a new Discriminative Capability Score (DCS) to drastically reduce the DNN computational load with limited performance loss.~We evaluate the performance SINF on VGG16, VGG19, and ResNet50 DNNs trained on CIFAR100 and a subset of the ImageNet dataset. Moreover, we compare its performance against 6 state-of-the-art pruning approaches. Our results show that (i) on average, SINF reduces the inference time of VGG16, VGG19, and ResNet50 respectively by up to 29%, 35%, and 15% with only 3.75%, 0.17%, and 6.75% accuracy loss for CIFAR100 while for ImageNet benchmark, the reduction in inference time is 18%, 22%, and 9% for accuracy drop of 3%, 2.5%, and 6%; (ii) DCS achieves respectively up to 3.65%, 4.25%, and 2.36% better accuracy with VGG16, VGG19, and ResNet50 with respect to existing discriminative scores for CIFAR100 and the same for ImageNet is 8.9%, 5.8%, and 5.2% respectively. Through experimental evaluation on Raspberry Pi and NVIDIA Jetson Nano, we show SINF is about 51% and 38% more energy efficient and takes about 25% and 17% less inference time than the base model for CIFAR100 and ImageNet.",https://arxiv.org/pdf/2310.01259v3
http://arxiv.org/abs/2309.03779v1,CPU frequency scheduling of real-time applications on embedded devices with temporal encoding-based deep reinforcement learning,Ti Zhou; Man Lin,cs.LG,cs.LG; cs.AI; cs.AR; cs.OS; eess.SY,2023-09-07T15:28:03Z,2023-09-07T15:28:03Z,10.1016/j.sysarc.2023.102955,"Journal of Systems Architecture, 2023",Accepted to Journal of Systems Architecture,"Small devices are frequently used in IoT and smart-city applications to perform periodic dedicated tasks with soft deadlines. This work focuses on developing methods to derive efficient power-management methods for periodic tasks on small devices. We first study the limitations of the existing Linux built-in methods used in small devices. We illustrate three typical workload/system patterns that are challenging to manage with Linux's built-in solutions. We develop a reinforcement-learning-based technique with temporal encoding to derive an effective DVFS governor even with the presence of the three system patterns. The derived governor uses only one performance counter, the same as the built-in Linux mechanism, and does not require an explicit task model for the workload. We implemented a prototype system on the Nvidia Jetson Nano Board and experimented with it with six applications, including two self-designed and four benchmark applications. Under different deadline constraints, our approach can quickly derive a DVFS governor that can adapt to performance requirements and outperform the built-in Linux approach in energy saving. On Mibench workloads, with performance slack ranging from 0.04 s to 0.4 s, the proposed method can save 3% - 11% more energy compared to Ondemand. AudioReg and FaceReg applications tested have 5%- 14% energy-saving improvement. We have open-sourced the implementation of our in-kernel quantized neural network engine. The codebase can be found at: https://github.com/coladog/tinyagent.",https://arxiv.org/pdf/2309.03779v1
http://arxiv.org/abs/2309.02713v1,"SlAction: Non-intrusive, Lightweight Obstructive Sleep Apnea Detection using Infrared Video",You Rim Choi; Gyeongseon Eo; Wonhyuck Youn; Hyojin Lee; Haemin Jang; Dongyoon Kim; Hyunwoo Shin; Hyung-Sin Kim,cs.CV,cs.CV; cs.AI,2023-09-06T04:52:02Z,2023-09-06T04:52:02Z,,,"Accepted to ICCV CVAMD 2023, poster","Obstructive sleep apnea (OSA) is a prevalent sleep disorder affecting approximately one billion people world-wide. The current gold standard for diagnosing OSA, Polysomnography (PSG), involves an overnight hospital stay with multiple attached sensors, leading to potential inaccuracies due to the first-night effect. To address this, we present SlAction, a non-intrusive OSA detection system for daily sleep environments using infrared videos. Recognizing that sleep videos exhibit minimal motion, this work investigates the fundamental question: ""Are respiratory events adequately reflected in human motions during sleep?"" Analyzing the largest sleep video dataset of 5,098 hours, we establish correlations between OSA events and human motions during sleep. Our approach uses a low frame rate (2.5 FPS), a large size (60 seconds) and step (30 seconds) for sliding window analysis to capture slow and long-term motions related to OSA. Furthermore, we utilize a lightweight deep neural network for resource-constrained devices, ensuring all video streams are processed locally without compromising privacy. Evaluations show that SlAction achieves an average F1 score of 87.6% in detecting OSA across various environments. Implementing SlAction on NVIDIA Jetson Nano enables real-time inference (~3 seconds for a 60-second video clip), highlighting its potential for early detection and personalized treatment of OSA.",https://arxiv.org/pdf/2309.02713v1
http://arxiv.org/abs/2309.02617v1,Compressing Vision Transformers for Low-Resource Visual Learning,Eric Youn; Sai Mitheran J; Sanjana Prabhu; Siyuan Chen,cs.CV,cs.CV; cs.LG,2023-09-05T23:33:39Z,2023-09-05T23:33:39Z,,,,"Vision transformer (ViT) and its variants have swept through visual learning leaderboards and offer state-of-the-art accuracy in tasks such as image classification, object detection, and semantic segmentation by attending to different parts of the visual input and capturing long-range spatial dependencies. However, these models are large and computation-heavy. For instance, the recently proposed ViT-B model has 86M parameters making it impractical for deployment on resource-constrained devices. As a result, their deployment on mobile and edge scenarios is limited. In our work, we aim to take a step toward bringing vision transformers to the edge by utilizing popular model compression techniques such as distillation, pruning, and quantization. Our chosen application environment is an unmanned aerial vehicle (UAV) that is battery-powered and memory-constrained, carrying a single-board computer on the scale of an NVIDIA Jetson Nano with 4GB of RAM. On the other hand, the UAV requires high accuracy close to that of state-of-the-art ViTs to ensure safe object avoidance in autonomous navigation, or correct localization of humans in search-and-rescue. Inference latency should also be minimized given the application requirements. Hence, our target is to enable rapid inference of a vision transformer on an NVIDIA Jetson Nano (4GB) with minimal accuracy loss. This allows us to deploy ViTs on resource-constrained devices, opening up new possibilities in surveillance, environmental monitoring, etc. Our implementation is made available at https://github.com/chensy7/efficient-vit.",https://arxiv.org/pdf/2309.02617v1
http://arxiv.org/abs/2308.10569v2,Real-time Monocular Depth Estimation on Embedded Systems,Cheng Feng; Congxuan Zhang; Zhen Chen; Weiming Hu; Liyue Ge,cs.CV,cs.CV,2023-08-21T08:59:59Z,2024-06-07T09:09:41Z,,,"7 pages, ICIP2024 Accepted","Depth sensing is of paramount importance for unmanned aerial and autonomous vehicles. Nonetheless, contemporary monocular depth estimation methods employing complex deep neural networks within Convolutional Neural Networks are inadequately expedient for real-time inference on embedded platforms. This paper endeavors to surmount this challenge by proposing two efficient and lightweight architectures, RT-MonoDepth and RT-MonoDepth-S, thereby mitigating computational complexity and latency. Our methodologies not only attain accuracy comparable to prior depth estimation methods but also yield faster inference speeds. Specifically, RT-MonoDepth and RT-MonoDepth-S achieve frame rates of 18.4&30.5 FPS on NVIDIA Jetson Nano and 253.0&364.1 FPS on Jetson AGX Orin, utilizing a single RGB image of resolution 640x192. The experimental results underscore the superior accuracy and faster inference speed of our methods in comparison to existing fast monocular depth estimation methodologies on the KITTI dataset.",https://arxiv.org/pdf/2308.10569v2
http://arxiv.org/abs/2307.16834v3,Benchmarking Jetson Edge Devices with an End-to-end Video-based Anomaly Detection System,Hoang Viet Pham; Thinh Gia Tran; Chuong Dinh Le; An Dinh Le; Hien Bich Vo,cs.CV,cs.CV; cs.AI; cs.LG; eess.IV,2023-07-28T17:16:57Z,2023-09-12T22:42:53Z,10.1007/978-3-031-53963-3_25,,Accepted in Future of Information and Communication Conference (FICC) 2024,"Innovative enhancement in embedded system platforms, specifically hardware accelerations, significantly influence the application of deep learning in real-world scenarios. These innovations translate human labor efforts into automated intelligent systems employed in various areas such as autonomous driving, robotics, Internet-of-Things (IoT), and numerous other impactful applications. NVIDIA's Jetson platform is one of the pioneers in offering optimal performance regarding energy efficiency and throughput in the execution of deep learning algorithms. Previously, most benchmarking analysis was based on 2D images with a single deep learning model for each comparison result. In this paper, we implement an end-to-end video-based crime-scene anomaly detection system inputting from surveillance videos and the system is deployed and completely operates on multiple Jetson edge devices (Nano, AGX Xavier, Orin Nano). The comparison analysis includes the integration of Torch-TensorRT as a software developer kit from NVIDIA for the model performance optimisation. The system is built based on the PySlowfast open-source project from Facebook as the coding template. The end-to-end system process comprises the videos from camera, data preprocessing pipeline, feature extractor and the anomaly detection. We provide the experience of an AI-based system deployment on various Jetson Edge devices with Docker technology. Regarding anomaly detectors, a weakly supervised video-based deep learning model called Robust Temporal Feature Magnitude Learning (RTFM) is applied in the system. The approach system reaches 47.56 frames per second (FPS) inference speed on a Jetson edge device with only 3.11 GB RAM usage total. We also discover the promising Jetson device that the AI system achieves 15% better performance than the previous version of Jetson devices while consuming 50% less energy power.",https://arxiv.org/pdf/2307.16834v3
http://arxiv.org/abs/2307.14313v1,LiDAR-based drone navigation with reinforcement learning,Pawel Miera; Hubert Szolc; Tomasz Kryjak,cs.RO,cs.RO,2023-07-26T17:23:33Z,2023-07-26T17:23:33Z,,,Accepted for the XXVII Automation 2023 conference,"Reinforcement learning is of increasing importance in the field of robot control and simulation plays a~key role in this process. In the unmanned aerial vehicles (UAVs, drones), there is also an increase in the number of published scientific papers involving this approach. In this work, an autonomous drone control system was prepared to fly forward (according to its coordinates system) and pass the trees encountered in the forest based on the data from a rotating LiDAR sensor. The Proximal Policy Optimization (PPO) algorithm, an example of reinforcement learning (RL), was used to prepare it. A custom simulator in the Python language was developed for this purpose. The Gazebo environment, integrated with the Robot Operating System (ROS), was also used to test the resulting control algorithm. Finally, the prepared solution was implemented in the Nvidia Jetson Nano eGPU and verified in the real tests scenarios. During them, the drone successfully completed the set task and was able to repeatably avoid trees and fly through the forest.",https://arxiv.org/pdf/2307.14313v1
http://arxiv.org/abs/2307.09063v1,Radar-STDA: A High-Performance Spatial-Temporal Denoising Autoencoder for Interference Mitigation of FMCW Radars,Lulu Liu; Runwei Guan; Fei Ma; Jeremy Smith; Yutao Yue,eess.SP,eess.SP,2023-07-18T08:36:54Z,2023-07-18T08:36:54Z,,,,"With its small size, low cost and all-weather operation, millimeter-wave radar can accurately measure the distance, azimuth and radial velocity of a target compared to other traffic sensors. However, in practice, millimeter-wave radars are plagued by various interferences, leading to a drop in target detection accuracy or even failure to detect targets. This is undesirable in autonomous vehicles and traffic surveillance, as it is likely to threaten human life and cause property damage. Therefore, interference mitigation is of great significance for millimeter-wave radar-based target detection. Currently, the development of deep learning is rapid, but existing deep learning-based interference mitigation models still have great limitations in terms of model size and inference speed. For these reasons, we propose Radar-STDA, a Radar-Spatial Temporal Denoising Autoencoder. Radar-STDA is an efficient nano-level denoising autoencoder that takes into account both spatial and temporal information of range-Doppler maps. Among other methods, it achieves a maximum SINR of 17.08 dB with only 140,000 parameters. It obtains 207.6 FPS on an RTX A4000 GPU and 56.8 FPS on an NVIDIA Jetson AGXXavier respectively when denoising range-Doppler maps for three consecutive frames. Moreover, we release a synthetic data set called Ra-inf for the task, which involves 384,769 range-Doppler maps with various clutters from objects of no interest and receiver noise in realistic scenarios. To the best of our knowledge, Ra-inf is the first synthetic dataset of radar interference. To support the community, our research is open-source via the link \url{https://github.com/GuanRunwei/rd_map_temporal_spatial_denoising_autoencoder}.",https://arxiv.org/pdf/2307.09063v1
http://arxiv.org/abs/2307.05945v1,YOGA: Deep Object Detection in the Wild with Lightweight Feature Learning and Multiscale Attention,Raja Sunkara; Tie Luo,cs.CV,cs.CV; cs.LG,2023-07-12T06:22:51Z,2023-07-12T06:22:51Z,10.1016/j.patcog.2023.109451,"Pattern Recognition, vol. 139, pp. 109451, July 2023","Published in Pattern Recognition (Elsevier), July 2023","We introduce YOGA, a deep learning based yet lightweight object detection model that can operate on low-end edge devices while still achieving competitive accuracy. The YOGA architecture consists of a two-phase feature learning pipeline with a cheap linear transformation, which learns feature maps using only half of the convolution filters required by conventional convolutional neural networks. In addition, it performs multi-scale feature fusion in its neck using an attention mechanism instead of the naive concatenation used by conventional detectors. YOGA is a flexible model that can be easily scaled up or down by several orders of magnitude to fit a broad range of hardware constraints. We evaluate YOGA on COCO-val and COCO-testdev datasets with other over 10 state-of-the-art object detectors. The results show that YOGA strikes the best trade-off between model size and accuracy (up to 22% increase of AP and 23-34% reduction of parameters and FLOPs), making it an ideal choice for deployment in the wild on low-end edge devices. This is further affirmed by our hardware implementation and evaluation on NVIDIA Jetson Nano.",https://arxiv.org/pdf/2307.05945v1
http://arxiv.org/abs/2307.04223v1,Real-time Human Detection in Fire Scenarios using Infrared and Thermal Imaging Fusion,Truong-Dong Do; Nghe-Nhan Truong; My-Ha Le,cs.CV,cs.CV; cs.AI,2023-07-09T16:28:57Z,2023-07-09T16:28:57Z,,,"5 pages, 6 figures, 2 tables","Fire is considered one of the most serious threats to human lives which results in a high probability of fatalities. Those severe consequences stem from the heavy smoke emitted from a fire that mostly restricts the visibility of escaping victims and rescuing squad. In such hazardous circumstances, the use of a vision-based human detection system is able to improve the ability to save more lives. To this end, a thermal and infrared imaging fusion strategy based on multiple cameras for human detection in low-visibility scenarios caused by smoke is proposed in this paper. By processing with multiple cameras, vital information can be gathered to generate more useful features for human detection. Firstly, the cameras are calibrated using a Light Heating Chessboard. Afterward, the features extracted from the input images are merged prior to being passed through a lightweight deep neural network to perform the human detection task. The experiments conducted on an NVIDIA Jetson Nano computer demonstrated that the proposed method can process with reasonable speed and can achieve favorable performance with a mAP@0.5 of 95%.",https://arxiv.org/pdf/2307.04223v1
http://arxiv.org/abs/2306.12093v1,Edge Devices Inference Performance Comparison,R. Tobiasz; G. Wilczyński; P. Graszka; N. Czechowski; S. Łuczak,cs.LG,cs.LG; cs.CV,2023-06-21T08:13:41Z,2023-06-21T08:13:41Z,10.5626/JCSE.2023.17.2.51,,,"In this work, we investigate the inference time of the MobileNet family, EfficientNet V1 and V2 family, VGG models, Resnet family, and InceptionV3 on four edge platforms. Specifically NVIDIA Jetson Nano, Intel Neural Stick, Google Coral USB Dongle, and Google Coral PCIe. Our main contribution is a thorough analysis of the aforementioned models in multiple settings, especially as a function of input size, the presence of the classification head, its size, and the scale of the model. Since throughout the industry, those architectures are mainly utilized as feature extractors we put our main focus on analyzing them as such. We show that Google platforms offer the fastest average inference time, especially for newer models like MobileNet or EfficientNet family, while Intel Neural Stick is the most universal accelerator allowing to run most architectures. These results should provide guidance for engineers in the early stages of AI edge systems development. All of them are accessible at https://bulletprove.com/research/edge_inference_results.csv",https://arxiv.org/pdf/2306.12093v1
http://arxiv.org/abs/2306.05682v1,Lightweight Monocular Depth Estimation via Token-Sharing Transformer,Dong-Jae Lee; Jae Young Lee; Hyounguk Shon; Eojindl Yi; Yeong-Hun Park; Sung-Sik Cho; Junmo Kim,cs.CV,cs.CV; cs.AI; cs.LG; cs.RO; eess.IV,2023-06-09T05:51:40Z,2023-06-09T05:51:40Z,,,ICRA 2023,"Depth estimation is an important task in various robotics systems and applications. In mobile robotics systems, monocular depth estimation is desirable since a single RGB camera can be deployable at a low cost and compact size. Due to its significant and growing needs, many lightweight monocular depth estimation networks have been proposed for mobile robotics systems. While most lightweight monocular depth estimation methods have been developed using convolution neural networks, the Transformer has been gradually utilized in monocular depth estimation recently. However, massive parameters and large computational costs in the Transformer disturb the deployment to embedded devices. In this paper, we present a Token-Sharing Transformer (TST), an architecture using the Transformer for monocular depth estimation, optimized especially in embedded devices. The proposed TST utilizes global token sharing, which enables the model to obtain an accurate depth prediction with high throughput in embedded devices. Experimental results show that TST outperforms the existing lightweight monocular depth estimation methods. On the NYU Depth v2 dataset, TST can deliver depth maps up to 63.4 FPS in NVIDIA Jetson nano and 142.6 FPS in NVIDIA Jetson TX2, with lower errors than the existing methods. Furthermore, TST achieves real-time depth estimation of high-resolution images on Jetson TX2 with competitive results.",https://arxiv.org/pdf/2306.05682v1
http://arxiv.org/abs/2305.15422v1,Facial Expression Recognition at the Edge: CPU vs GPU vs VPU vs TPU,Mohammadreza Mohammadi; Heath Smith; Lareb Khan; Ramtin Zand,cs.CV,cs.CV; cs.PF,2023-05-17T03:19:06Z,2023-05-17T03:19:06Z,10.1145/3583781.3590245,,,"Facial Expression Recognition (FER) plays an important role in human-computer interactions and is used in a wide range of applications. Convolutional Neural Networks (CNN) have shown promise in their ability to classify human facial expressions, however, large CNNs are not well-suited to be implemented on resource- and energy-constrained IoT devices. In this work, we present a hierarchical framework for developing and optimizing hardware-aware CNNs tuned for deployment at the edge. We perform a comprehensive analysis across various edge AI accelerators including NVIDIA Jetson Nano, Intel Neural Compute Stick, and Coral TPU. Using the proposed strategy, we achieved a peak accuracy of 99.49% when testing on the CK+ facial expression recognition dataset. Additionally, we achieved a minimum inference latency of 0.39 milliseconds and a minimum power consumption of 0.52 Watts.",https://arxiv.org/pdf/2305.15422v1
http://arxiv.org/abs/2304.13110v3,Analysis and Mitigation of Shared Resource Contention on Heterogeneous Multicore: An Industrial Case Study,Michael Bechtel; Heechul Yun,cs.PF,cs.PF,2023-04-25T19:31:31Z,2024-04-08T23:17:13Z,,,,"In this paper, we present a solution to the industrial challenge put forth by ARM in 2022. We systematically analyze the effect of shared resource contention to an augmented reality head-up display (AR-HUD) case-study application of the industrial challenge on a heterogeneous multicore platform, NVIDIA Jetson Nano. We configure the AR-HUD application such that it can process incoming image frames in real-time at 20Hz on the platform. We use Microarchitectural Denial-of-Service (DoS) attacks as aggressor workloads of the challenge and show that they can dramatically impact the latency and accuracy of the AR-HUD application. This results in significant deviations of the estimated trajectories from known ground truths, despite our best effort to mitigate their influence by using cache partitioning and real-time scheduling of the AR-HUD application. To address the challenge, we propose RT-Gang++, a partitioned real-time gang scheduling framework with last-level cache (LLC) and integrated GPU bandwidth throttling capabilities. By applying RT-Gang++, we are able to achieve desired level of performance of the AR-HUD application even in the presence of fully loaded aggressor tasks.",https://arxiv.org/pdf/2304.13110v3
http://arxiv.org/abs/2303.00277v3,UAV Tracking with Lidar as a Camera Sensors in GNSS-Denied Environments,Ha Sier; Xianjia Yu; Iacopo Catalano; Jorge Pena Queralta; Zhuo Zou; Tomi Westerlund,cs.RO,cs.RO,2023-03-01T06:55:49Z,2023-08-14T11:04:31Z,,,I need to make some revisions to the paper because there are some mistakes in the paper,"LiDAR has become one of the primary sensors in robotics and autonomous system for high-accuracy situational awareness. In recent years, multi-modal LiDAR systems emerged, and among them, LiDAR-as-a-camera sensors provide not only 3D point clouds but also fixed-resolution 360°panoramic images by encoding either depth, reflectivity, or near-infrared light in the image pixels. This potentially brings computer vision capabilities on top of the potential of LiDAR itself. In this paper, we are specifically interested in utilizing LiDARs and LiDAR-generated images for tracking Unmanned Aerial Vehicles (UAVs) in real-time which can benefit applications including docking, remote identification, or counter-UAV systems, among others. This is, to the best of our knowledge, the first work that explores the possibility of fusing the images and point cloud generated by a single LiDAR sensor to track a UAV without a priori known initialized position. We trained a custom YOLOv5 model for detecting UAVs based on the panoramic images collected in an indoor experiment arena with a MOCAP system. By integrating with the point cloud, we are able to continuously provide the position of the UAV. Our experiment demonstrated the effectiveness of the proposed UAV tracking approach compared with methods based only on point clouds or images. Additionally, we evaluated the real-time performance of our approach on the Nvidia Jetson Nano, a popular mobile computing platform.",https://arxiv.org/pdf/2303.00277v3
http://arxiv.org/abs/2302.14445v2,Embedded light-weight approach for safe landing in populated areas,Tilemahos Mitroudas; Vasiliki Balaska; Athanasios Psomoulis; Antonios Gasteratos,cs.RO,cs.RO,2023-02-28T09:45:51Z,2024-04-08T17:15:58Z,,,outdated research item,"Landing safety is a challenge heavily engaging the research community recently, due to the increasing interest in applications availed by aerial vehicles. In this paper, we propose a landing safety pipeline based on state of the art object detectors and OctoMap. First, a point cloud of surface obstacles is generated, which is then inserted in an OctoMap. The unoccupied areas are identified, thus resulting to a list of safe landing points. Due to the low inference time achieved by state of the art object detectors and the efficient point cloud manipulation using OctoMap, it is feasible for our approach to deploy on low-weight embedded systems. The proposed pipeline has been evaluated in many simulation scenarios, varying in people density, number, and movement. Simulations were executed with an Nvidia Jetson Nano in the loop to confirm the pipeline's performance and robustness in a low computing power hardware. The experiments yielded promising results with a 95% success rate.",https://arxiv.org/pdf/2302.14445v2
http://arxiv.org/abs/2301.12531v2,PhyCV: The First Physics-inspired Computer Vision Library,Yiming Zhou; Callen MacPhee; Madhuri Suthar; Bahram Jalali,eess.IV,eess.IV; cs.CV,2023-01-29T20:16:15Z,2023-04-27T17:51:30Z,,,,"PhyCV is the first computer vision library which utilizes algorithms directly derived from the equations of physics governing physical phenomena. The algorithms appearing in the current release emulate, in a metaphoric sense, the propagation of light through a physical medium with natural and engineered diffractive properties followed by coherent detection. Unlike traditional algorithms that are a sequence of hand-crafted empirical rules or deep learning algorithms that are usually data-driven and computationally heavy, physics-inspired algorithms leverage physical laws of nature as blueprints for inventing algorithms. PhyCV features low-dimensionality and high- efficiency, making it ideal for edge computing applications. We demonstrate real-time video processing on NVIDIA Jetson Nano using PhyCV. In addition, these algorithms have the potential to be implemented in real physical devices for fast and efficient computation in the form of analog computing. The open-sourced code is available at https://github.com/JalaliLabUCLA/phycv",https://arxiv.org/pdf/2301.12531v2
http://arxiv.org/abs/2301.11110v1,Device JNEEG to convert Jetson Nano to brain-Computer interfaces. Short report,Ildar Rakhmatulin,q-bio.NC,q-bio.NC; cs.AI,2023-01-23T11:46:59Z,2023-01-23T11:46:59Z,,,,"Artificial intelligence has made significant advances in recent years and this has had an impact on the field of neuroscience. As a result, different architectures have been implemented to extract features from EEG signals in real time. However, the use of such architectures requires a lot of computing power. As a result, EEG devices typically act only as transmitters of EEG data, with the actual data processing taking place in a third-party device. That's expensive and not compact. In this paper, we present a shield that allows a single-board computer, the Jetson Nano from Nvidia, to be converted into a brain-computer interface and, most importantly, the Jetson Nano's capabilities allow machine learning tools to be used directly on the data collection device. Here we present the test results of the developed device. https://github.com/HackerBCI/EEG-with-JetsonNano",https://arxiv.org/pdf/2301.11110v1
http://arxiv.org/abs/2301.06180v2,Secure Video Streaming Using Dedicated Hardware,Nicholas Murray-Hill; Laura Fontes; Pedro Machado; Isibor Kennedy Ihianle,cs.CR,cs.CR; cs.CV,2023-01-15T20:24:46Z,2023-03-25T20:56:14Z,,,,"Purpose: The purpose of this article is to present a system that enhances the security, efficiency, and reconfigurability of an Internet-of-Things (IoT) system used for surveillance and monitoring. Methods: A Multi-Processor System-On-Chip (MPSoC) composed of Central Processor Unit (CPU) and Field-Programmable Gate Array (FPGA) is proposed for increasing the security and the frame rate of a smart IoT edge device. The private encryption key is safely embedded in the FPGA unit to avoid being exposed in the Random Access Memory (RAM). This allows the edge device to securely store and authenticate the key, protecting the data transmitted from the same Integrated Circuit (IC). Additionally, the edge device can simultaneously publish and route a camera stream using a lightweight communication protocol, achieving a frame rate of 14 frames per Second (fps). The performance of the MPSoC is compared to a NVIDIA Jetson Nano (NJN) and a Raspberry Pi 4 (RPI4) and it is found that the RPI4 is the most cost-effective solution but with lower frame rate, the NJN is the fastest because it can achieve higher frame-rate but it is not secure, and the MPSoC is the optimal solution because it offers a balanced frame rate and it is secure because it never exposes the secure key into the memory. Results: The proposed system successfully addresses the challenges of security, scalability, and efficiency in an IoT system used for surveillance and monitoring. The encryption key is securely stored and authenticated, and the edge device is able to simultaneously publish and route a camera stream feed high-definition images at 14 fps.",https://arxiv.org/pdf/2301.06180v2
http://arxiv.org/abs/2301.00330v2,Efficient On-device Training via Gradient Filtering,Yuedong Yang; Guihong Li; Radu Marculescu,cs.CV,cs.CV; cs.AI; cs.LG,2023-01-01T02:33:03Z,2023-03-25T02:12:09Z,,,"CVPR2023, 19 pages, 13 figures","Despite its importance for federated learning, continuous learning and many other applications, on-device training remains an open problem for EdgeAI. The problem stems from the large number of operations (e.g., floating point multiplications and additions) and memory consumption required during training by the back-propagation algorithm. Consequently, in this paper, we propose a new gradient filtering approach which enables on-device CNN model training. More precisely, our approach creates a special structure with fewer unique elements in the gradient map, thus significantly reducing the computational complexity and memory consumption of back propagation during training. Extensive experiments on image classification and semantic segmentation with multiple CNN models (e.g., MobileNet, DeepLabV3, UPerNet) and devices (e.g., Raspberry Pi and Jetson Nano) demonstrate the effectiveness and wide applicability of our approach. For example, compared to SOTA, we achieve up to 19$\times$ speedup and 77.1% memory savings on ImageNet classification with only 0.1% accuracy loss. Finally, our method is easy to implement and deploy; over 20$\times$ speedup and 90% energy savings have been observed compared to highly optimized baselines in MKLDNN and CUDNN on NVIDIA Jetson Nano. Consequently, our approach opens up a new direction of research with a huge potential for on-device training.",https://arxiv.org/pdf/2301.00330v2
