PaperId,Titulo,Autores,Ano,Data_Publicacao,Veiculo,DOI,ArXiv_ID,Resumo,URL
0a93d413445033ee22d12e997c362e94831cda3f,Lightweight Pneumonia Detection Using Classical Descriptors on Edge AI Devices,Syed M. Azeem Ul Hassan; Ali Hassan; Maria Hanif; M. Wajeeh; Rizwan Ahmad,2026,2026-05-17,International Journal of Innovative Science & Technology,10.33411/ijist/1817,,"Pneumonia remains a pressing global health issue, and timely chest X-ray interpretation is central to effective patient care. This paper describes a lightweight pipeline for detecting pneumonia in chest radiographs using classical machine learning classifiers paired with handcrafted image features, aimed at hardware with tight processing budgets. Three widely used descriptors — HOG, SIFT, and ORB — were applied to the publicly available Kaggle chest X-ray dataset containing 5,863 labeled pediatric radiographs (4,273 Pneumonia, 1,590 Normal), pre-split into training (5,216), validation (16), and test (624) partitions. Four classifiers — Naive Bayes, SVM, Random Forest, and Logistic Regression — were trained with class-weight balancing to account for the roughly 2.7:1 class imbalance. Training and initial evaluation were carried out in Google Colab GPU-accelerated environment on a fixed held-out test set (approximately 89:11 train-to-test ratio), with 5-fold cross-validation on training data used to assess generalization. The strongest pipeline was subsequently ported to an NVIDIA Jetson Orin Nano Super for edge inference profiling. Random Forest with HOG features achieved the highest accuracy at 93.52% and an F1 score of 95.60%, while Logistic Regression with ORB features achieved the fastest inference speed at 0.187 ms per image (5,342.79 FPS). McNemar's test confirmed statistically significant gaps between the best and worst configurations (p < 0.01). Overall, the findings indicate that handcrafted features and traditional classifiers can produce clinically relevant performance within the power and memory envelopes of affordable edge hardware — a promising direction for pneumonia screening where specialist radiology support is scarce.",https://www.semanticscholar.org/paper/0a93d413445033ee22d12e997c362e94831cda3f
28095a00ce25993e1d3692c96334fffe2e62446c,Characterizing the Performance of Accelerated Jetson Edge Devices for Training Deep Learning Models,Prashanthi S.K.; Sai Anuroop Kesanapalli; Yogesh L. Simmhan,2023,2023-06-19,Measurement and Modeling of Computer Systems,10.1145/3578338.3593530,,"Deep Neural Network (DNN) models are becoming ubiquitous in a variety of contemporary domains such as Autonomous Vehicles, Smart cities and Healthcare. They help drones to navigate, identify suspicious activities from safety cameras, and perform diagnostics over medical imaging. Fast DNN inferencing close to the data source is enabled by a growing class of accelerated edge devices such as NVIDIA Jetson and Google Coral which host low-power Graphics Processing Units (GPUs) and Tensor Processing Units (TPUs) along with ARM CPUs in a compact form-factor to offer a superior performance-to-energy ratio. E.g., the NVIDIA Jetson AGX Xavier kit has a 512-core Volta GPU, an 8-core ARM CPU and 32GB LPDDR4x memory, that operates within 65W of power, costs US999 and is smaller than a paperback novel. Recently, there has been a push towards training DNN models on the edge [2]. This is driven by the massive growth in data collected from edge devices in Cyber-Physical Systems (CPS) and Internet of Things (IoT), the need to refresh the models periodically, the bandwidth constraints in moving all this data to Cloud data centers for training, and a heightened emphasis on privacy by retaining data on the edge. This has led to techniques like federated and geo-distributed learning that train DNN models locally on data on an edge device and aggregate them centrally. In this abstract, we summarise and highlight key results from our full paper [5].",https://www.semanticscholar.org/paper/28095a00ce25993e1d3692c96334fffe2e62446c
5066362323733e3cebbe78b61ffed5db6bd370ec,A Modular Edge Device Network for Surgery Digitalization,Vincent Schorp; Frédéric H. Giraud; Gianluca Pargätzi; Michael Wäspe; Lorenzo von Ritter-Zahony; M. Wegmann; J. G. Henao; Nicholas Bünger; Dominique Cachin; Sebastiano Caprara; P. Fürnstahl; F. Carrillo,2025,2025-03-18,HSMR 2025,10.48550/arXiv.2503.14049,2503.14049,"Future surgical care demands real-time, integrated data to drive informed decision-making and improve patient outcomes. The pressing need for seamless and efficient data capture in the OR motivates our development of a modular solution that bridges the gap between emerging machine learning techniques and interventional medicine. We introduce a network of edge devices, called Data Hubs (DHs), that interconnect diverse medical sensors, imaging systems, and robotic tools via optical fiber and a centralized network switch. Built on the NVIDIA Jetson Orin NX, each DH supports multiple interfaces (HDMI, USB-C, Ethernet) and encapsulates device-specific drivers within Docker containers using the Isaac ROS framework and ROS2. A centralized user interface enables straightforward configuration and real-time monitoring, while an Nvidia DGX computer provides state-of-the-art data processing and storage. We validate our approach through an ultrasound-based 3D anatomical reconstruction experiment that combines medical imaging, pose tracking, and RGB-D data acquisition.",https://www.semanticscholar.org/paper/5066362323733e3cebbe78b61ffed5db6bd370ec
5137395d3e114ef8bce1ac2504ae6d78a2a1f31a,MedMambaLite-v2: Shared Selective Scan for Efficient Edge Medical Mamba,Romina Aalishah; Mozhgan Navardi; Nithin Kidangazhiath Mana; T. Mohsenin,2026,2026-05-20,IEEE Transactions on Biomedical Circuits and Systems,10.1109/TBCAS.2026.3695051,,"AI-powered medical imaging devices are increasingly used in clinical workflows to support real-time, accurate diagnosis and decision-making. Recent advances in State-Space Models (SSMs) such as Mamba have shown remarkable performance in capturing long-range dependencies for medical image classification. However, their computational complexity and sequential data flow make them difficult to deploy on hardware, limiting real-time and energy-efficient applications at the edge. To address this challenge, we propose MedMambaLite-v2, a shared selective scan framework enabling effective acceleration on embedded edge platforms. For this aim, we build upon our earlier MedMambaLite, and further extend it in MedMambaLite-v2 through a channel-only transition mechanism that achieves a 1.7<inline-formula><tex-math notation=""LaTeX"">$\boldsymbol{\times}$</tex-math></inline-formula> reduction in operations. We then optimize the Convolution (Conv) branch, and apply knowledge distillation to retain accuracy in a compressed student model. The resulting model is 23<inline-formula><tex-math notation=""LaTeX"">$\boldsymbol{\times}$</tex-math></inline-formula> smaller compared to the MedMamba baseline, with only 1.1% reduction in the overall accuracy evaluated across 10 distinct MedMNIST datasets spanning several imaging modalities. The proposed LiteSS2D hardware design also leverages parallelism across scan directions to enable simultaneous state updates, thereby improving memory efficiency, and further incorporates 8-bit quantization to reduce computational overhead. The reconfigurable FPGA hardware prototype demonstrates 9<inline-formula><tex-math notation=""LaTeX"">$\boldsymbol{\times}$</tex-math></inline-formula> reduction in latency for a parallel implementation compared with a serial baseline. Moreover, MedMambaLite-v2 is implemented and demonstrated through end-to-end inference on MedMNIST images on CPU and GPU platforms. Performance analysis of the proposed approach on NVIDIA Jetson Orin Nano and Raspberry Pi 5 shows up to 63% and 78% reductions in energy per inference, respectively, compared to the baseline.",https://www.semanticscholar.org/paper/5137395d3e114ef8bce1ac2504ae6d78a2a1f31a
62aae12bea119d950504bbc0f6716ccc47d5ac70,A novel hybrid medical image encryption scheme based on memristive chaos and DNA-ARX-3DES with Real-Time implementation,Enes Eren Suzgen; M. E. Şahin; Hasan Ulutas,2026,2026-01-26,Scientific Reports,10.1038/s41598-026-36824-4,,"Ensuring the confidentiality of medical images during storage and transmission is a critical challenge in modern healthcare. This study proposes a novel hybrid image encryption framework that integrates a memristor-based chaotic system, DNA-inspired operations, Add-Rotate-Xor (ARX), and Triple Data Encryption Standard (3DES). A four-dimensional two-memristor chaotic circuit is analysed through phase portraits, Lyapunov exponents, and bifurcation diagrams to establish its suitability as a strong entropy source. Chaotic sequences generated from the system are digitized using a mod2 post-processing scheme and validated by NIST SP 800 − 22, FIPS 140-1, and Chi-square statistical tests, confirming high-quality randomness. The encryption framework combines chaotic diffusion and confusion, symbolic DNA crossover operations, ARX, and a 3DES whitening stage to provide multilayered security. Experimental validation on four medical image datasets—Bone Fracture, Breast, Retina, and Teeth—demonstrates that the scheme achieves near-ideal entropy values (~ 7.99), high NPCR (~99.6%), and UACI (~ 33%), while producing cipher images with noise-like characteristics and negligible structural similarity to the originals. Real-time implementation on the NVIDIA Jetson Nano and PYNQ-Z1 platform verifies the feasibility of the method for embedded medical applications. Comparative analysis indicates that the hybrid approach outperforms conventional chaotic or DNA-only schemes by leveraging the complementary strengths of chaos, bio-inspired computing, and classical cryptography. These findings confirm that the proposed framework offers a secure, efficient, and practical solution for protecting sensitive medical images against statistical, differential, and brute-force attacks.",https://www.semanticscholar.org/paper/62aae12bea119d950504bbc0f6716ccc47d5ac70
67a9e0a05893b183f46e1161a0f4f34cffd94d09,MedBiSeNet: Efficient Bilateral Segmentation Network for Real-time Medical Image Processing,Jiwon Kim; Kyungkeon Chung; Ghangmin Yun; Jaekyung Lee; Jueun Jung; Bokyoung Seo; Hyejin Lee; K. Lee,2025,2025-05-25,International Symposium on Circuits and Systems,10.1109/ISCAS56072.2025.11043841,,,https://www.semanticscholar.org/paper/67a9e0a05893b183f46e1161a0f4f34cffd94d09
857a58f39c4fcef9e42b5738497593e0c477f410,Efficacy of Edge Inference for Healthcare: Transfer Learning-Based Medical Analysis Using ResNet-18,B. Shabarinath; P. Muralidhar; Elegety Sri Varsha; Machanpally Karthik Kumar; P. Rohith,2025,2025-09-01,2025 International Conference on Computing and Communications (COMPUTINGCON),10.1109/COMPUTINGCON64838.2025.11376625,,"Detection of pulmonary disease continues to be a significant challenge in healthcare, where early and accurate diagnosis has the potential to improve patient outcomes significantly. Conventional approaches based on manual interpretation and standard imaging methods tend to be time-consuming and prone to human error. To overcome these limitations, the work presented leverages the computational power of the NVIDIA Jetson Nano edge device by combining transfer learning with the ResNet-18 model for the detection of life-threatening lung conditions like pneumonia, tuberculosis, and lung cancer. Through fine-tuning the model on appropriate medical imaging datasets, the system streamlines and speeds up the diagnostic process while improving accuracy. The proposed model achieves a classification accuracy of 98.53%, surpassing both native ResNet-18 and VGG architectures in terms of both efficiency and accuracy. Edge deployment further enhances the system's capabilities, delivering an inference latency of approximately 223 milliseconds per image and achieving a throughput of up to 4.5 images per second. The system operates with low power consumption, ensuring its suitability for low-resource healthcare settings, such as remote clinics or mobile health units. Overall, this work demonstrates the potential of deep learning-based solutions in delivering faster, more reliable, and accessible diagnostic tools, contributing to improved clinical outcomes and patient care in resource-constrained environments.",https://www.semanticscholar.org/paper/857a58f39c4fcef9e42b5738497593e0c477f410
8c6d82302d0dbdf72eeb6ea57ad2a3a8ec1973c9,Secure Chaotic Encryption of Medical Images via Logistic Maps and SHA3-Based Key Generation on Embedded Devices,Argyrios Sideris; Theodora Sanida; M. Sanida; Michael F. Dossis; M. Dasygenis,2025,2025-09-19,"SouthEast European Design Automation, Computer Engineering, Computer Networks and Social Media Conference",10.1109/SEEDA-CECNSM68644.2025.11329733,,"In this paper, we propose a lightweight yet highly secure image encryption scheme tailored for medical imaging applications on embedded devices. The method leverages the properties of chaotic logistic maps and cryptographic key derivation via the SHA3-256 hash function. A user-defined passphrase is transformed into a 512-bit entropy source, from which the initial conditions and control parameters of the chaotic system, as well as the scrambling seed, are deterministically derived. The encryption process consists of block-wise pixel permutation combined with a chaotic key stream for XOR-based diffusion. The scheme is fully reversible, supports grayscale medical images, and exhibits excellent statistical and cryptographic properties. Extensive experiments demonstrate high key sensitivity, entropy values approaching 8.0, pixel correlation coefficients near zero, and strong diffusion characteristics, with NPCR values exceeding 99.61% and UACI approaching 32.26%. The implementation is optimized for embedded platforms such as NVIDIA Jetson, achieving real-time performance with minimal memory overhead. The proposed system is well-suited for secure telemedicine applications, remote diagnostics, and data protection in Internet of Medical Things (IoMT) environments. It provides a practical and scalable solution for privacy-preserving medical image transmission and storage under constrained computational resources.",https://www.semanticscholar.org/paper/8c6d82302d0dbdf72eeb6ea57ad2a3a8ec1973c9
ab8699e3d706300e2f495180c13e981cbf013989,COMPARATIVE ANALYSIS OF REAL-TIME SEMANTIC SEGMENTATION ALGORITHMS,M. Durkot; N. Melnyk,2024,2024-12-26,Computer Systems and Information Technologies,10.31891/csit-2024-4-11,,"Semantic segmentation is a fundamental task in computer vision that enables machines to interpret and understand images at the pixel level, providing a deeper understanding of scene composition. By assigning a class to each pixel, this technique is critical for applications requiring detailed visual comprehension, such as autonomous driving, robotics, medical imaging, and augmented reality. This article presents a comprehensive comparative analysis of deep learning models specifically designed for real-time semantic segmentation, focusing on their performance metrics, architectures, and various application contexts. This study compares advanced deep learning models, including PIDNet, PP-LiteSeg, BiSeNet, SFNet, and others, using key metrics such as Mean Intersection over Union (mIoU) and Frames Per Second (FPS), alongside the hardware specifications on which they were tested. Models like PIDNet, known for its multi-branch architecture, emphasize detailed, context, and boundary information to improve segmentation precision without sacrificing speed. On the other hand models like PP-LiteSeg, with its Short-Term Dense Concatenate Network (STDCNet) backbone, excels in reducing computational complexity while maintaining competitive accuracy and inference speed, making it well-suited for resource-constrained environments. The analysis evaluates the trade-offs between accuracy and computational efficiency using benchmark datasets such as Cityscapes and DeepScene. Additionally, we examine the adaptability of these models to diverse operational scenarios, particularly on edge devices like NVIDIA Jetson Nano, where computational resources are limited. This discussion extends to the challenges faced in real-time implementations, including maintaining robustness across varying environments and achieving high performance with minimal latency. Highlighting the strengths, limitations, and practical implications of these models, this analysis can serve as a valuable resource for researchers and practitioners aiming to advance the field of real-time semantic segmentation.",https://www.semanticscholar.org/paper/ab8699e3d706300e2f495180c13e981cbf013989
b00d16c8ec3f38a49d2ccfbee87d1b3720e7ed82,EDGE AI FRAMEWORK FOR BRAIN TUMOR CLASSIFICATION USING GOOGLENET FEATURES AND MACHINE LEARNING,Garima Pandey; Ravindara Bhatt,2025,2025-10-03,Lex Localis-journal of Local Self-government,10.52152/hm8dqe87,,"Brain tumor classification is a pivotal process in medical imaging. The precision and promptitude of a diagnosis will dictate treatment and affect patient prognosis. Here, I propose a two-phase framework for the automation of Brain Tumor Detection which integrates Feature Extraction and Classification using Machine Learning Algorithms. The aim is to extend the concept of Edge AI and run the system on embedded devices for real-time clinical applications. In the first phase of the project, I designed a feature extraction system using the GoogLeNet (InceptionV3) model and evaluated a range of classifiers: SVM, MLP, XGBoost, LightGBM, Random Forest, AdaBoost, K-NN, and Softmax on the CE-MRI dataset. Results showcase the system performance, as well as GoogLeNet+ SVM being the best performing model overall with precision, recall, F1-score, and ROC-AUC measures. As such, this model is the best predictor of the classifiers designed. Phase 2 involved deploying the optimized models on NVIDIA Jetson Orin Nano, the embodiment of edge-AI. Advanced quantization (FP16/INT8) and pruning helped to reduce complexity while sustaining accuracy. A simplified GUI was designed to show input MRI slices, the predicted tumor class (glioma, meningioma, or pituitary), confidence scores, and device metrics including latency, throughput, power consumption, and temperature. Live demonstrations proved the framework’s self-sufficiency, eliminating the need for remote (cloud) resources, allowing rapid, bedside feedback with increased privacy, and reduced latency. Even though many classifiers showed strong diagnostic accuracy in Phase 1, in Phase 2 only a few classifiers, specifically GoogLeNet + SVM and GoogLeNet + MLP, combined the accuracy with the low latency, high efficiency, and thermal stability necessary for edge deployment. The system’s practicality was further demonstrated by the GUI, which in real time, successfully classified even the pituitary tumor cases. To summarize, the two-part evaluation shows that GoogLeNet + SVM achieves the best compromise between diagnostic precision and edge efficiency, thereby making it the most realistic option for Edge AI healthcare applications in the real-world. Proposed future directions for this framework include integration of multimodal imaging and federated learning along with TensorRT model serving for deployment, to build a more complete and clinician-centered robust decision support system that AI will assist at the edge. This will include additional tumor types.",https://www.semanticscholar.org/paper/b00d16c8ec3f38a49d2ccfbee87d1b3720e7ed82
ba5dc31408f02c94946c025e450ddca03fc901ca,Brain Tumor Segmentation and Classification using NVIDIA Jetson Nano,Tejaswini Chennamsetti; N. V; Ajay Kowshik Raja; Mohan Venkata Ramana Chintapalli; Tirumala Rao Gaigulla,2026,2026-04-24,"2026 International Conference on Innovations in Communication, Geoscience and Robotics (ICICGR)",10.1109/ICICGR68236.2026.11600109,,"The detection as well as the classification of brain cancers are some of the most crucial aspects of medical image analysis tasks. These aspects assist in formulating a diagnosis as well as a subsequent treatment of the ailment on time. We proposed a brain tumour classification system and implemented it on the Jetson Nano hardware platform using Python and Anaconda Navigator’s Spyder environment. the dataset from Kaggle was used for our project, which included annotated images grouped under four classes. We used 60% of the dataset for training and remaining 40% was used for the validation and testing of the model. Our system analyses MRI images of the brain and classifies them under any of the four categories learnt from the dataset. We proposed the use of the system for the fast and automated assistance of medical experts during the course of the diagnosis of the ailment, which can significantly reduce the time taken for diagnosis and improve the accuracy of tumour classification. We deployed the proposed system on Jetson Nano board. The model achieved an accuracy of 98.26%, Dice similarity coefficient of 0.91 for tumor segmentation.",https://www.semanticscholar.org/paper/ba5dc31408f02c94946c025e450ddca03fc901ca
c0e1a71334e3fdac60c0dc79854eb52ccd47c225,MedMambaLite: Hardware-Aware Mamba for Medical Image Classification,Romina Aalishah; Mozhgan Navardi; T. Mohsenin,2025,2025-08-07,Biomedical Circuits and Systems Conference,10.1109/BioCAS67066.2025.00057,2508.05049,"AI-powered medical devices have driven the need for real-time, on-device inference in healthcare domains such as biomedical image classification. Deployment of deep learning models at the edge is now used for applications such as anomaly detection and classification in medical images. However, achieving this level of performance on edge devices remains challenging due to limitations in model size and computational capacity. To address this, we present MedMambaLite, a hardware-aware Mamba-based model optimized through knowledge distillation for medical image classification. We start with a powerful MedMamba model, which integrates a Mamba structure for efficient feature extraction in medical imaging. We make the model lighter and faster in training and inference by reducing the redundancies in the architecture and integrating modifications. We then distill its knowledge into a smaller student model by reducing the embedding dimensions. The optimized model achieves $94.5 \%$ overall accuracy on 10 MedMNIST datasets. It also reduces parameters $22.8 \times$ compared to MedMamba. Deployment of MedMambaLite on an NVIDIA Jetson Orin Nano achieves 35.6 mJ energy per inference. This outperforms MedMamba by $63 \%$ improvement in energy per inference, demonstrating its suitability for edge medical applications.",https://www.semanticscholar.org/paper/c0e1a71334e3fdac60c0dc79854eb52ccd47c225
d542b5e0bb81c584c561b718e18a8f1e662aa109,Accelerating Medical Image Analysis on Edge Devices: A Study with MobileOne Architecture,Dev Gala; Jinam Keniya; Harsha Varun Marisetty; Manik Gupta; T. Verlekar; Erik H. W. Meijering; Ashwin Srinivasan,2025,2025-03-17,2025 IEEE International Conference on Pervasive Computing and Communications Workshops and other Affiliated Events (PerCom Workshops),10.1109/PerComWorkshops65533.2025.00058,,"Neural networks, particularly convolutional neural networks, have proven effective in medical image analysis tasks such as classification (for example, identifying possible diseases), segmentation (for example, separating healthy tissue from necrosed), and object detection (for example, localising tumours). However, the benefits of developing and using such models come at significant infrastructural costs. There is a long-standing hope that comparable performance may be achievable with models on commodity, portable ""edge"" devices. These devices can be deployed for real-time decision-making by local inferencing and can improve access to these technologies in underdeveloped regions. Edge models typically trade-off model performance to achieve faster inference times on low-power hardware in edge devices. However, recent advances in generic feature-extraction pipelines (""backbones"") for edge devices suggest that it may be possible to reuse them to construct models that can perform faster inference and predict almost as accurately as larger server-based models. We demonstrate this here using case studies of detection and classification tasks for medical images. Specifically, we use the MobileOne backbone, which provides inference times of under 1s. We compare its performance on well-known classification and detection datasets (HAM10000 and HyperKvasir) against state-of-the-art (SOA) models in server and edge computing environments. Our results show that MobileOne outperforms other SOA models while running on both server and edge devices. We have verified that the edge-based model is deployable on a commercially available, mid-range Android phone with a commodity GPU and edge devices such as Nvidia Jetson Nano, Orin Nano and Raspberry Pi.",https://www.semanticscholar.org/paper/d542b5e0bb81c584c561b718e18a8f1e662aa109
db8b1d4a6b8a7dbf944759a77a84abcadf02c1b1,Edge GPU Aware Multiple AI Model Pipeline for Accelerated MRI Reconstruction and Analysis,A. Majeed; Mahmoud Méribout; Safa Sali,2025,2025-10-02,arXiv.org,10.48550/arXiv.2510.01730,2510.01730,"Advancements in AI have greatly enhanced the medical imaging process, making it quicker to diagnose patients. However, very few have investigated the optimization of a multi-model system with hardware acceleration. As specialized edge devices emerge, the efficient use of their accelerators is becoming increasingly crucial. This paper proposes a hardware-accelerated method for simultaneous reconstruction and diagnosis of \ac{MRI} from \ac{CT} images. Real-time performance of achieving a throughput of nearly 150 frames per second was achieved by leveraging hardware engines available in modern NVIDIA edge GPU, along with scheduling techniques. This includes the GPU and the \ac{DLA} available in both Jetson AGX Xavier and Jetson AGX Orin, which were considered in this paper. The hardware allocation of different layers of the multiple AI models was done in such a way that the ideal time between the hardware engines is reduced. In addition, the AI models corresponding to the \ac{GAN} model were fine-tuned in such a way that no fallback execution into the GPU engine is required without compromising accuracy. Indeed, the accuracy corresponding to the fine-tuned edge GPU-aware AI models exhibited an accuracy enhancement of 5\%. A further hardware allocation of two fine-tuned GPU-aware GAN models proves they can double the performance over the original model, leveraging adequate partitioning on the NVIDIA Jetson AGX Xavier and Orin devices. The results prove the effectiveness of employing hardware-aware models in parallel for medical image analysis and diagnosis.",https://www.semanticscholar.org/paper/db8b1d4a6b8a7dbf944759a77a84abcadf02c1b1
eba519c9e4e03fc4f52f3120a0d5803c62e36c4d,S-E Pipeline: A Vision Transformer (ViT) based Resilient Classification Pipeline for Medical Imaging Against Adversarial Attacks,Neha A S; Vivek Chaturvedi; Muhammad Shafique,2024,2024-06-30,IEEE International Joint Conference on Neural Network,10.1109/IJCNN60899.2024.10650591,2407.17587,"Vision Transformer (ViT) is becoming widely popular in automating accurate disease diagnosis in medical imaging owing to its robust self-attention mechanism. However, ViTs remain vulnerable to adversarial attacks that may thwart the diagnosis process by leading it to intentional misclassification of critical disease. In this paper, we propose a novel image classification pipeline, namely, S-E Pipeline, that performs multiple pre-processing steps that allow ViT to be trained on critical features so as to reduce the impact of input perturbations by adversaries. Our method uses a combination of segmentation and image enhancement techniques such as Contrast Limited Adaptive Histogram Equalization (CLAHE), Unsharp Masking (UM), and High-Frequency Emphasis filtering (HFE) as preprocessing steps to identify critical features that remain intact even after adversarial perturbations. The experimental study demonstrates that our novel pipeline helps in reducing the effect of adversarial attacks by 72.22% for the ViT-b32 model and 86.58% for the ViT-l32 model. Furthermore, we have shown an end-to-end deployment of our proposed method on the NVIDIA Jetson Orin Nano board to demonstrate its practical use case in modern hand-held devices that are usually resource-constrained.",https://www.semanticscholar.org/paper/eba519c9e4e03fc4f52f3120a0d5803c62e36c4d
f8060c5fb4202c5371681f3e793c0f13aaa2d95c,Deep learning steganography for big data security using squeeze and excitation with inception architectures,Bini M Issac; S. N. Kumar; Sherin Zafar; K. A. Shakil; M. A. Wani,2025,2025-08-25,Scientific Reports,10.1038/s41598-025-16394-7,,"With the exponential growth of big data in domains such as telemedicine and digital forensics, the secure transmission of sensitive medical information has become a critical concern. Conventional steganographic methods often fail to maintain diagnostic integrity or exhibit robustness against noise and transformations. In this study, we propose a novel deep learning-based steganographic framework that combines Squeeze-and-Excitation (SE) blocks, Inception modules, and residual connections to address these challenges. The encoder integrates dilated convolutions and SE attention to embed secret medical images within natural cover images, while the decoder employs residual and multi-scale Inception-based feature extraction for accurate reconstruction. Designed for deployment on NVIDIA Jetson TX2, the model ensures real-time, low-power operation suitable for edge healthcare applications. Experimental evaluation on MRI and OCT datasets demonstrates the model’s efficacy, achieving Peak Signal-to-Noise Ratio (PSNR) values of 39.02 and 38.75, and Structural Similarity Index (SSIM) values of 0.9757, confirming minimal visual distortion. This research contributes to advancing secure, high-capacity steganographic systems for practical use in privacy-sensitive environments.",https://www.semanticscholar.org/paper/f8060c5fb4202c5371681f3e793c0f13aaa2d95c
f863c92568c508280fd32f9f20ce64eb999e3ac9,Optimizing Medical MRI Brain Image Classification through Compression Analysis on Deep learning Models with Light Weight Implementation,Neena K A; A. M N,2026,,International Journal of Computer Theory and Engineering,10.7763/ijcte.2026.v18.1389,,"Medical imaging is essential for diagnosing neurological diseases. Advances in Deep Learning (DL) have greatly improved brain Magnetic Resonance Imaging (MRI) classification, enabling more accurate anomaly detection. However, the high computational and memory demands of DL models pose challenges for deployment on resource-constrained platforms such as portable medical devices and edge computing systems. This study aims to address these limitations by reducing storage and transmission demands through deep learning-based tumour classification on compressed MRI data. JPEG2000 lossless compression was applied at varying ratios to examine its effect on classification performance. The analysis focuses on understanding how different compression levels impact the accuracy and reliability of DL models. Three deep learning architectures—Convolutional Neural Network (CNN), ResNet50, and MobileNetV2—were selected to represent baseline, high-capacity, and lightweight models, respectively, and were trained on compressed MRI datasets to classify brain images into glioma, meningioma, pituitary tumor, and no tumor. Evaluation metrics included Peak Signal-to-Noise Ratio (PSNR), entropy, and Structural Similarity Index (SSIM) for image quality, and precision, recall, accuracy, F1 score, and Area Under the Receiver Operating Characteristic Curve (AUROC) for classification performance. The experimental results indicate that CNN and ResNet50 exhibit higher classification metrics at specific compression levels. However, MobileNetV2 consistently maintains acceptable performance across all tested compression ratios. MobileNetV2 features a lightweight architecture with minimal memory requirements, making it well-suited for deployment in point-of-care devices. The model was optimized and deployed on the NVIDIA Jetson TX2 Developer Board, enabling the development of a portable, lightweight diagnostic tool for brain tumor detection.",https://www.semanticscholar.org/paper/f863c92568c508280fd32f9f20ce64eb999e3ac9
fbd370e7955da906795ba5721566f30f2f48f1d6,GPU-Accelerated Edge Inference for COVID-19 Chest X-Ray Classification: A Systematic Benchmarking of CNN Architectures on the NVIDIA Jetson Orin Nano with TensorRT FP16 and INT8 Optimisation,"Bharat Tank, Mitul Patel, Soumya Das",2025,2025-12-31,Dandao Xuebao/Journal of Ballistics,10.52783/dxjb.v37.363,,"Background. Convolutional neural networks (CNNs) have demonstrated strong diagnostic performance for automated COVID-19 classification from chest X-ray (CXR) images; nonetheless, published studies evaluate inference almost exclusively on server-grade GPU hardware that are economically and logistically incompatible with point-of-care deployment in resource-constrained clinical settings. GPU-accelerated embedded devices offer a viable alternative deployment pathway, although a systematic characterisation of CNN inference performance, power consumption, and diagnostic accuracy across multiple precision modes on these devices is still not present in the medical imaging literature. 
Methods. This study presents a systematic benchmarking evaluation of four representative CNN architectures — ResNet18, ResNet50, DenseNet121, and SqueezeNet deployed on the NVIDIA Jetson Orin Nano (1024-core Ampere GPU, 32 Tensor Cores, 8 GB LPDDR5 unified memory, less than USD-200) in binary classification of COVID-19 CXR images using the COVID-Xray-5k dataset (5,000 images). The diagnostic performance was assessed via 5-fold stratified cross-validation and tested on an independent 918-image held-out test partition. All architectures were characterised in three precision modes, namely FP32 baseline, TensorRT FP16 half-precision, and INT8 post-training quantisation (PTQ). Inference latency (mean, P50, P95), throughput (FPS), peak GPU memory utilisation, and power consumption of the board were system-level profiled in MAXN mode via sudo tegrastats at 100 ms polling rates. 
Results. AUC ≥ 0.978 All four architectures achieved AUC ≥ 0.978, and diagnostic accuracy was fully preserved under FP16 and INT8 TRT (ΔAUC < 0.005). FP32 latency, FP16 TRT latency and INT8 TRT latency were 15.7 ms (63.8 FPS, 7.4 W, 8.6 inferences/Joule), 10.8 ms (92.0 FPS, 7.4 W, 12.4 inferences/Joule) and 7.2 ms (138.9 FPS, 6.9 W, 20.1 inferences/Joule) on ResNet18 respectively. The highest FPS of SqueezeNet was 909 FPS gained under INT8 TRT at around 1.5 MB of GPU memory. FP32 GPU inference achieved 856–2,178× speedup over the Raspberry Pi 4 CPU baseline; TensorRT FP16 extended speedups to 1,244–5,290×. A novel empirical finding is that DenseNet121 has serialised GPU memory access, which causes it to have higher FP32 inference latency than ResNet50 despite having fewer parameters due to the dense connectivity. 
Conclusions. TensorRT-optimised CNN inference on the NVIDIA Jetson Orin Nano enables real-time CXR screening within a sub-7.4 W average power. The reproducible three-precision-mode deployment pipeline, fully power-profiled architecture selection criteria presented here provide a strict empirical basis for deploying CNN-based diagnostics on GPU-accelerated embedded hardware in resource-constrained healthcare settings embedded hardware.",https://www.semanticscholar.org/paper/fbd370e7955da906795ba5721566f30f2f48f1d6
00371869c061be4480ee19f9db87a441354517b0,MRI Classification for Lightweight Deployment on Nvidia Jetson Orin Nano,Jonathan Taylar; Marwin B. Alejo,2025,2025-12-10,2025 6th Technology Innovation Management and Engineering Science International Conference (TIMES-iCON),10.1109/TIMES-iCON67125.2025.11488124,,,https://www.semanticscholar.org/paper/00371869c061be4480ee19f9db87a441354517b0
0635fabd78a86789561702d91e567477b3b4ce10,An Explainable Deep Learning-Based Predictive Maintenance Solution for Air Compressor Condition Monitoring,Alexandru Ciobotaru; C. Corches; D. Goța; L. Miclea,2025,2025-09-01,Italian National Conference on Sensors,10.3390/s25185797,,"Air compressors are vital across various sectors—automotive, manufacturing, buildings, and healthcare—as they provide pressurized air for air suspension systems in vehicles, supply power pneumatic machines throughout industrial production lines, and support non-clinical infrastructure within hospital environments, including pneumatic control systems, isolation room pressurization, and laboratory equipment operation. Ensuring that such components are reliable is critical, as unexpected failures can disrupt facility functions and compromise patient safety. Predictive maintenance (PdM) has emerged as a key factor in enhancing the reliability and operational efficiency of medical devices by leveraging sensor data and artificial intelligence (AI)-based algorithms to detect component degradation before functional failures occur. In this paper, a predictive maintenance solution for condition monitoring and fault prediction for the exhaust valve, bearings, water pump, and radiator of an air compressor is presented, by comparing a hybrid deep neural network (DNN) as a feature extractor and a support vector machine (SVM) for condition classification: a pure DNN classifier as well as a standalone SVM model. Additionally, each model was trained and validated on three devices—NVIDIA T4 GPU, Raspberry Pi 4 Model B, and NVIDIA Jetson Nano—and performance reports in terms of latency, energy consumption, and CO2 emissions are presented. Moreover, three model agnostic explainable AI (XAI) methods were employed to increase the transparency of the hybrid model’s final decision: Shapley additive explanations (SHAP), local interpretable model-agnostic explanations (LIME) and partial dependence plots (PDP). The hybrid model achieves on average 98.71%, 99.25%, 98.78%, and 99.01% performance in terms of accuracy, precision, recall, and F1-score across all devices Additionally, the DNN baseline and SVM model achieve on average 93.2%, 88.33%, 90.45%, and 89.37%, as well as 93.34%, 88.11%, 95. 41%, and 91.62% performance in terms of accuracy, precision, recall, and F1-score across all devices. The integration of XAI methods within the PdM pipeline offers enhanced transparency, interpretability, and trustworthiness of predictive outcomes, thereby facilitating informed decision-making among maintenance personnel.",https://www.semanticscholar.org/paper/0635fabd78a86789561702d91e567477b3b4ce10
0829e4ae53850ff577488837000438fb00a266d5,Optimizing Deep Learning Models for Ophthalmic Disease Detection on Resource-Constrained Devices,Zaina Abushaban; Salih Eren Yüzbaşıoğlu; Selma Dilek; S. Tosun,2025,2025-05-23,"2025 7th International Congress on Human-Computer Interaction, Optimization and Robotic Applications (ICHORA)",10.1109/ICHORA65333.2025.11017237,,"This paper explores the optimization of convolutional neural networks (CNNs) for ophthalmic disease detection via fundus image classification on resource-constrained edge devices. The study investigates the impact of pruning, quantization, and knowledge distillation on reducing model size and inference time while maintaining high classification accuracy. Using a dataset of retinal fundus images, the optimized models were deployed on a Jetson Nano microcontroller. Experimental results demonstrate that post-training quantization achieves the best trade-off between efficiency and accuracy, reducing model size to 11.22MB while maintaining a validation accuracy of 97.39%. Hybrid approaches combining knowledge distillation and quantization further reduced parameters while preserving performance, highlighting promising strategies for deploying deep learning in edge AI healthcare applications.",https://www.semanticscholar.org/paper/0829e4ae53850ff577488837000438fb00a266d5
095f491a69ed154293e931606cee6fb1bff9ee78,Edge-AI enabled secure IoT framework for real-time patient monitoring and anomaly detection in smart healthcare systems.,P. Karpagam; M. Karthikeyan; G. Kalpana; A. Suresh,2026,2026-06-25,Scientific Reports,10.1038/s41598-026-59602-8,,"Hospitals desire knowledge of bedside sensors in real time but they do not wish to send everything to the cloud. We propose an Edge-AI framework used in the IoT environment that maintains intelligence as near as possible to the patient, and ensures privacy and a trusted audit trail. A quantized CNN-LSTM is run on-device to detect anomalies and protects data in transit and at rest (TLS plus lightweight homomorphic encryption), logs notable events to a private block chain to give an auditable, tamper-proof history, and improves models off-device using federated learning to ensure that raw patient data never reaches the cloud. Reply The framework was tested against a cloud-only baseline on the MIT-BIH Arrhythmia dataset and a live multi-sensor synthetic stream, beating it across all metrics: accuracy 94.7% versus 83.1% accuracy, median inference latency 118 ms versus 246 ms (a 52% reduction), daily communication overhead 36.2 MB versus 56.3 MB (a savings of 38.1%), and energy usage 1.21 mW/sample (near 22% energy efficiency improvement). Block chain logging endured 75 events/s, which helped medico-legal tractability. Federated rounds provided ~ 1.5-2.3 accuracy points per round across five rounds, whereas INT8 quantization reduced model size by ~ 74% with only a ~ 0.4 accuracy degrade-practical in Jetson-class edge devices. SHAP explanations accompany alerts to enable the establishment of clinical trust in the model by demonstrating why a case was flagged. In general, the framework provides a safe, decipherable, and standard-aligned course to hospital-scale implementation (> 1,000 nodes) with quantifiable gains in responsiveness and bandwidth as well as power.",https://www.semanticscholar.org/paper/095f491a69ed154293e931606cee6fb1bff9ee78
0bc1ba2edf505801d3eef152578b5846d7676296,A Benchmark Study of RF Anomaly Detection Models on NVIDIA Jetson Orin Nano,Nicholas D. Redmond; Mohd. Hasan Ali; Dipankar Dasgupta; Myounggyu Won,2026,2026-01-09,Consumer Communications and Networking Conference,10.1109/CCNC65079.2026.11366305,,"Radio frequency (RF) communication has become essential for critical infrastructure including healthcare, transportation, and government services. While numerous ML models have been developed for RF security, many require cloud computing due to computational demands, introducing latency and privacy concerns. With advances in AI edge computing, there is growing opportunity to deploy models directly on edge devices. This work presents the first benchmark study evaluating ML models for RF anomaly detection on the NVIDIA Jetson Orin Nano platform.",https://www.semanticscholar.org/paper/0bc1ba2edf505801d3eef152578b5846d7676296
0f186373c36551356fc7b3c9ff814224a03fead4,Design of Interactive System for Acupoint Analysis Based on Augmented Reality,Chung-Yen Wei; Bo-Yuan Xu; Yu-Xiang Zhao,2023,2023-10-31,Asia-Pacific Signal and Information Processing Association Annual Summit and Conference,10.1109/APSIPAASC58517.2023.10317347,,"In this paper, we utilize the edge computing of Jetson Nano J1010 development board and employ MediaPipe technology and acupoint mapping algorithm to display acupoints on the screen. By using a custom deep neural network (DNN) hand recognition model, we achieve augmented reality (AR) interaction with acupoints. Users can view the corresponding acupoint locations on the body and acupoint descriptions through gestures. Additionally, we develop a mobile app that enables interaction with the system via Bluetooth technology. Users can select symptoms they wish to understand, and the system will display acupoints that can alleviate those symptoms. Our team also develops an AI-based diagnostic system using the open-source conversational AI Rasa, which utilizes natural language understanding (NLU) to determine the user's intents from input on the mobile app. When the intent is related to medical content, the information is passed to a BERT model for diagnosis analysis, determining possible diseases or symptoms and providing corresponding recommended acupoints for symptom relief. This aids users in making preliminary judgments about their own conditions. All AI diagnostic information is transmitted to the server-side, where physicians can view user information through a website. By visualizing the data through charts, physicians can quickly understand the user's condition and further save medical resources. This acupoint-based healthcare system offers a safe, convenient, and efficient solution for health management, particularly valuable for individuals lacking experience and medical knowledge.",https://www.semanticscholar.org/paper/0f186373c36551356fc7b3c9ff814224a03fead4
168ff84c0583ea7bd48ea6dac3a48ef182d80a96,Model Compression Engine for Wearable Devices Skin Cancer Diagnosis,Jacob M. Delgado-L'opez; Andrea P. Seda-Hernandez; Juan D. Guadalupe-Rosado; L. Ramirez; Miguel Giboyeaux-Camilo; Wilfredo E. Lugo-Beauchamp,2025,2025-07-23,arXiv.org,10.48550/arXiv.2507.17125,2507.17125,"Skin cancer is one of the most prevalent and preventable types of cancer, yet its early detection remains a challenge, particularly in resource-limited settings where access to specialized healthcare is scarce. This study proposes an AI-driven diagnostic tool optimized for embedded systems to address this gap. Using transfer learning with the MobileNetV2 architecture, the model was adapted for binary classification of skin lesions into""Skin Cancer""and""Other.""The TensorRT framework was employed to compress and optimize the model for deployment on the NVIDIA Jetson Orin Nano, balancing performance with energy efficiency. Comprehensive evaluations were conducted across multiple benchmarks, including model size, inference speed, throughput, and power consumption. The optimized models maintained their performance, achieving an F1-Score of 87.18% with a precision of 93.18% and recall of 81.91%. Post-compression results showed reductions in model size of up to 0.41, along with improvements in inference speed and throughput, and a decrease in energy consumption of up to 0.93 in INT8 precision. These findings validate the feasibility of deploying high-performing, energy-efficient diagnostic tools on resource-constrained edge devices. Beyond skin cancer detection, the methodologies applied in this research have broader applications in other medical diagnostics and domains requiring accessible, efficient AI solutions. This study underscores the potential of optimized AI systems to revolutionize healthcare diagnostics, thereby bridging the divide between advanced technology and underserved regions.",https://www.semanticscholar.org/paper/168ff84c0583ea7bd48ea6dac3a48ef182d80a96
1ae84885e1c801dc6a5db9560a5185e27f1eb74c,Development of artificial intelligence edge computing based wearable device for fall detection and prevention of elderly people,Paramasivam A; Ferlin Deva Shahila D; J. M; Sivakumaran T.S; Sakthivel Sankaran; Pavan Sai Kiran Reddy Pittu; Vijayalakshmi S,2024,2024-04-01,Heliyon,10.1016/j.heliyon.2024.e28688,,"Elderly falls are a major concerning threat resulting in over 1.5–2 million elderly people experiencing severe injuries and 1 million deaths yearly. Falls experienced by Elderly people may lead to a long‐term negative impact on their physical and psychological health conditions. Major healthcare research had focused on this lately to detect and prevent the fall. In this work, an Artificial Intelligence (AI) edge computing based wearable device is designed and developed for detection and prevention of fall of elderly people. Further, the various deep learning algorithms such as Convolutional Neural Network (CNN), Recurrent Neural Network (RNN), Long Short-Term Memory (LSTM), Gated Recurrent Unit (GRU) are utilized for activity recognition of elderly. Also, the CNN-LSTM, RNN-LSTM and GRU-LSTM with and without attention layer respectively are utilized and the performance metrics are analyzed to find the best deep learning model. Furthermore, the three different hardware boards such as Jetson Nano developer board, Raspberry PI 3 and 4 are utilized as an AI edge computing device and the best deep learning model is implemented and the computation time is evaluated. Results demonstrate that the CNN-LSTM with attention layer exhibits the accuracy, recall, precision and F1_Score of 97%, 98%, 98% and 0.98 respectively which is better when compared to other deep learning models. Also, the computation time of NVIDIA Jetson Nano is less when compared to other edge computing devices. This work appears to be of high societal relevance since the proposed wearable device can be used to monitor the activity of elderly and prevents the elderly falls which improve the quality of life of elderly people.",https://www.semanticscholar.org/paper/1ae84885e1c801dc6a5db9560a5185e27f1eb74c
20804b7966668d34337c7ecc6d1b941a2195e830,Radiomic V-Net Deep Learning Architecture for Breast Cancer Prediction Deployed on Medical Consumer Electronics,K. Rehman; Yibin Tian; Jianqiang Li; Anaa Yasin; Ayesha Jabbar; Jungpil Shin; Mohammad Yahya H. Al-Shamri; Inam Ullah,2026,2026-02-01,IEEE transactions on consumer electronics,10.1109/TCE.2025.3630000,,"This paper introduces a radiomic-integrated 2D V-Net architecture designed for deployment on medical consumer electronics (MCE) platforms. The system targets real-time detection of architectural distortion in mammograms, a critical indicator for early breast cancer screening. Unlike conventional clinical models, our approach is optimized for consumer-grade edge devices, including Jetson Nano, Raspberry Pi 4, and Snapdragon 865, enabling diagnostic capability in home, rural, and mobile health settings. To achieve this, we employ lightweight design strategies such as top-hat morphological preprocessing, radiomic feature integration, and skip-connected V-Net layers. Deployment efficiency is further enhanced with INT8 quantization, pruning, and operator fusion, reducing model size and latency while preserving accuracy. Experimental evaluation on the CBIS-DDSM and PINUM datasets demonstrates robust performance, with accuracies of 0.98 and 0.97 and specificities of 0.97 and 0.87, respectively. A dedicated visualization interface for smartphones and tablets provides interactive feedback and encrypted report sharing, bridging patients and healthcare providers. By combining radiomic insights, edge AI deployment, and consumer-grade accessibility, this work contributes a scalable, privacy-aware solution for smart healthcare ecosystems and next-generation MCE.",https://www.semanticscholar.org/paper/20804b7966668d34337c7ecc6d1b941a2195e830
2e4d57d40de71004c7fd63254ab51f0c33bc317f,Humanoid Robot Architecture Based on Real-Time Image Processing and Agentic AI,Shivaputhra; C. Ravindranath; G. Pavithra; Swapnil S. Ninawe,2026,2026-05-08,2026 International Conference on Next Generation Electronics (NELEX),10.1109/NELeX69209.2026.11590514,,"The project features a Humanoid robot with the ability to interact, perceive, and operate in human-like environments while having human-like knowledge and sophistication. The robot is powered by the Jetson Orin Nano which enables the robot to execute high-performance edge Artificial Intelligence by allowing it to perform real-time image processing, gesture understanding, and autonomous decision making without having to utilize a cloud environment. The 28 MG995 servo motors are powered by 28 ESP32 controllers that make up the distributed control network and maintain natural walking, stable posture control, expressive upper body movement, and dexterous manipulation through 5-finger robotic hands. The camera, IMU, Mic, and optional depth sensor combination make up a rich sensor suite that gives the robot the ability to detect obstacles, identify faces, analyze gestures, and communicate with voices in a meaningful way. The robot includes safety features for; fall detection, collision avoidance, and controlled gait planning which support a high level of reliable navigation through dynamic environments. The robots modular Hardware and scalable Software architecture allow for easy addition of Hardware upgrades, additional sensors, and expansion into specialized task domains. The combination of mobility, perception, and autonomous reasoning provides further demonstration of the system’s potential in many of the commercial and institutional partner domains; Healthcare, Education, Home Services, and Research. As such, this cost-effective humanoid robot is a significant forward progression towards practical, flexible, and interactive human- robot collaboration.",https://www.semanticscholar.org/paper/2e4d57d40de71004c7fd63254ab51f0c33bc317f
346854bcd6e12cf0f13218bed92863a87c0b7418,Real-Time Edge AI with Explainable Deep Learning for Predictive Maintenance of Medical Devices: *Instantaneous Detection of Medical Device Failures using Edge AI,Fernando Siboro; Hendry; Evi Maria; Irwan Sembiring,2026,2026-02-26,2026 International Seminar on Intelligent Business and Edge-Computing Research (ISIBER),10.1109/ISIBER68248.2026.11470555,,"Medical device reliability is a critical factor in ensuring patient safety and healthcare quality. Failures in medical equipment not only disrupt clinical workflows but also increase maintenance costs and operational risks. This study proposes a framework of edge-enabled, explainable deep learning for predictive maintenance of medical devices. The framework integrates multimodal data fusion, combining structured sensor data with unstructured maintenance records, processed through CNN-LSTM and transformer-based NLP models. Explainability techniques such as SHAP and LIME are embedded to provide transparent interpretations of model predictions, enhancing trust among technical staff and hospital management. The system is deployed on edge devices (Raspberry Pi, NVIDIA Jetson Nano) to achieve real-time inference, reduce latency, and improve data privacy compared to cloud-based approaches. Experimental results demonstrate that multimodal fusion significantly improves prediction accuracy, while edge deployment reduces latency from 450-600 ms (cloud) to 120-180 ms. Business impact simulations further highlight reductions in maintenance costs and downtime, supporting intelligent healthcare operations. This research contributes by bridging technical performance with business intelligence, offering a scalable and explainable solution for predictive maintenance. Future work will explore crossdomain generalization and integration with Sustainable Development Goals (SDGs), particularly in advancing healthcare sustainability.",https://www.semanticscholar.org/paper/346854bcd6e12cf0f13218bed92863a87c0b7418
389f1d2fc4feb699f5ecf5bfcded91b17f547bf3,An End-to-End Deployment Workflow for AI Enabled Agriculture Applications at the Edge,D. Sonmez; Aydın Çetin,2024,2024-03-06,International Conference on Computing and Information,10.1109/ICCI61671.2024.10485167,,"The use of deep learning enabled computer vision applications gained momentum after AlexNet convolutional neural network architecture won the ImageNet Large Scale Visual Recognition Challenge (ILSVRC) in 2012. This led implementation of such methods in various application fields including defense industry, smart cities, intelligent video analytics, industrial inspection, and healthcare. Success of these applications enabled agriculture and livestock management to benefit from such implementations in recent years. In this work, we proposed an end-to-end workflow for deep learning-based computer vision applications to facilitate the AI model training, model optimization, model deployment, metadata streaming, metadata recording, result filtering/searching and data visualization. The source data of the visualizations as result of the analysis are stored in a high-performance database presented within the scope of the study. On the other hand, using the state-of-the-art deep learning algorithms and infrastructures, both model training and inference performance-oriented classification model comparison were carried out. In order to compare the developed models with the models developed in other studies in the literature, the training and inference process were tested on the same open-source data set. The workflow is proposed as a hybrid solution that can be deployed both on streamline x86 computer systems and ARM64 embedded devices. Therefore, deployment benchmarks for servers and NVIDIA Jetson devices are also provided within the paper.",https://www.semanticscholar.org/paper/389f1d2fc4feb699f5ecf5bfcded91b17f547bf3
38e155934056bdf87adcc7ac11080e9ac62fcb9a,BedEye: A Bed Exit and Bedside Fall Warning System Based on Skeleton Recognition Technology for Elderly Patients,Liang-Bi Chen; Wan-Jung Chang; Tzu-Chin Yang,2025,,IEEE Access,10.1109/ACCESS.2025.3558004,,"Falls are an important medical safety issue, and patients older than 65 years are the most prone to falling in hospitals. According to a previous study, approximately 80% of falls occur near hospital beds. Although many visual devices can be used to detect and prevent falls from a bed, these devices cannot accurately recognize and separate all movements of getting out of a bed. To solve this problem, this study proposes a skeleton identification technology-based early warning system named BedEye to detect bed exits and bedside falls in older patients. The main novelty of the proposed BedEye system lies in its application of skeleton recognition technology to accurately detect bed exits and prevent bedside falls among elderly patients. Traditional methods, including wearable and nonwearable systems, often face challenges such as high false alarm rates and difficulties in recognizing complex movements such as getting in and out of bed. The proposed BedEye system addresses these issues by combining AI-based skeleton identification with edge computing to ensure high accuracy in detecting all postures during bed exit movements. The proposed BedEye system innovatively utilizes OpenPose-light, which is a lightweight version of the OpenPose model optimized for edge computing. The proposed BedEye system processes real-time images captured by an RGB sensor, which are then fed into a deep learning model running locally on an Nvidia Jetson Xavier-NX edge computing device. This ensures faster processing with minimized delays and without reliance on cloud computing, which reduces network bandwidth use. Moreover, we develop an algorithm for determining bed posture using the posture of patients leaving the bed. BedEye was validated through both laboratory-based experiments and clinical human trials. Compared with previous solutions, the proposed BedEye system demonstrated effectiveness, with an accuracy rate of 97.4% for detecting bed exits and bedside falls in elderly patients, significantly improving the prediction of patient movements. This validation confirms the system’s high reliability in real-world healthcare settings.",https://www.semanticscholar.org/paper/38e155934056bdf87adcc7ac11080e9ac62fcb9a
55b42599519f2beb8031c10dac99a6bbe1150562,Real-Time Elderly Fall Detection as Ambient Intelligence in Old Age Homes,Laxmi Shabadi; C. M; M. L; Pavan S G; R. Deekshith; L. Narayan,2025,2025-01-16,"2025 International Conference on Intelligent and Innovative Technologies in Computing, Electrical and Electronics (IITCEE)",10.1109/IITCEE64140.2025.10915420,,"The rapid expansion of autonomous technologies, the rise of computer vision, and edge computing present exciting opportunities in healthcare monitoring systems. Fall prevention is especially important for the elderly because falls from this age group often result in fatalities and serious injuries. Fall detection devices that can quickly recognize falls and alert emergency services have become more and more popular as a result. The primary goal of the project is to increase elderly home safety by implementing an ambient intelligence-based automated emergency recognition system. We present a unique method for fall posture detection utilizing an intelligence surveillance camera and a class of efficient models called MobileNets for mobile and embedded vision applications. A real-time embedded solution persuaded from “edge AI” is implemented using the state-of-the-art Object detection: single shot detector (SSD) Mobile Net V2 and Internet of things embedded GPU platform NVIDIA’s Jetson Nano.",https://www.semanticscholar.org/paper/55b42599519f2beb8031c10dac99a6bbe1150562
5e372983acfe8423886176c2899d32d21dd7535a,Contactless Camera-Based Heart Rate and Respiratory Rate Monitoring Using AI on Hardware,Dimitrios Kolosov; Vasilios I. Kelefouras; P. Kourtessis; I. Mporas,2023,2023-05-01,Italian National Conference on Sensors,10.3390/s23094550,,"Detecting vital signs by using a contactless camera-based approach can provide several advantages over traditional clinical methods, such as lower financial costs, reduced visit times, increased comfort, and enhanced safety for healthcare professionals. Specifically, Eulerian Video Magnification (EVM) or Remote Photoplethysmography (rPPG) methods can be utilised to remotely estimate heart rate and respiratory rate biomarkers. In this paper two contactless camera-based health monitoring architectures are developed using EVM and rPPG, respectively; to this end, two different CNNs, (Mediapipe’s BlazeFace and FaceMesh) are used to extract suitable regions of interest from incoming video frames. These two methods are implemented and deployed on four off-the-shelf edge devices as well as on a PC and evaluated in terms of latency (in each stage of the application’s pipeline), throughput (FPS), power consumption (Watt), efficiency (throughput/Watt), and value (throughput/cost). This work provides important insights about the computational costs and bottlenecks of each method on each hardware platform, as well as which platform to use depending on the target metric. One of our insights shows that the Jetson Xavier NX platform is the best platform in terms of throughput and efficiency, while Raspberry Pi 4 8 GB is the best platform in terms of value.",https://www.semanticscholar.org/paper/5e372983acfe8423886176c2899d32d21dd7535a
6198db7181ee040df2c83d6695f8165f04139f08,"Lightweight Skin Lesion Segmentation for Edge Deployment: A Critical Review of Architectures, Accuracy Compensation, and Clinical Translation",Yanglin Du; Gabriel Villarrubia-González,2026,,IEEE Access,10.1109/ACCESS.2026.3682487,,"Automated skin lesion segmentation via deep learning has achieved remarkable accuracy in controlled laboratory settings, yet its clinical translation to point-of-care (PoC) edge devices remains fundamentally constrained by the computational demands of state-of-the-art architectures. This review systematically bridges the gap between algorithmic innovation and hardware-aware deployment by presenting a critical analysis spanning three interconnected dimensions: 1) architectural evolution from convolutional neural networks (CNNs) through Vision Transformers to emerging linear-complexity State Space Models (e.g., Mamba), evaluated against a unified efficiency–accuracy Pareto framework rather than isolated accuracy rankings; 2) mathematical formalisation of lightweighting-induced precision degradation and its compensation via knowledge distillation, structural reparameterisation, and frequency-domain enhancement, with explicit assessment of evidence quality and reproducibility across studies; and 3) empirical deployment profiling across heterogeneous edge platforms including NVIDIA Jetson, Intel OpenVINO, and mobile processors. Through a multi-dimensional evaluation framework integrating spatial overlap (Dice), boundary fidelity (HD95), and on-device throughput (FPS), supplemented by a meta-analysis of dataset usage biases and validation protocol inconsistencies, we establish that heterogeneous multi-paradigm fusion architectures can preserve clinical-grade segmentation quality under severe resource constraints—provided that evaluation methodologies are standardised. Critically, our quantitative analysis of 36 reviewed studies reveals that approximately 65% of reported performance figures are derived from non-standardised data splits, rendering direct cross-study comparisons statistically unreliable. We further identify critical open challenges—including cross-domain generalisation, hardware–algorithm co-design, demographic fairness, and edge-native federated learning—and delineate actionable research trajectories toward democratising expert-level dermatological AI diagnostics in resource-limited healthcare environments worldwide.",https://www.semanticscholar.org/paper/6198db7181ee040df2c83d6695f8165f04139f08
6e753210b9db730c7d7f3e399e9ff5282671e438,"Optimized Edge-AI Streaming for Smart Healthcare and IoT Using Kafka, Large Language Model Summarization, and On-Device Analytics",A. Syed; Pradeep Kumar Sambamurthy; Abdul Sajid Mohammed; Udit Mamodiya,2025,2025-07-18,"2025 International Conference on Computing, Intelligence, and Application (CIACON)",10.1109/CIACON65473.2025.11189423,,"This exponential growth poses serious challenges for traditional cloud-based architectures due to their high latency, bandwidth consumption, and privacy vulnerabilities. This study presents a novel Edge-AI streaming framework that integrates Apache Kafka for scalable real-time data streaming, DistilBERT for summarizing unstructured clinical notes on-device, and XGBoost for edge-based predictive analytics. The framework leverages Kafka’s partitioned topic structure for high-throughput streaming, deploying a quantized DistilBERT model via ONNX to generate compact clinical summaries, and executing real-time classification tasks using XGBoost on edge devices (Raspberry Pi 4 and Jetson Nano). Performance was evaluated on a simulated dataset of 10,000 patient records using latency, throughput, ROUGE/BLEU scores, and F1-score as key metrics. The system achieved a 40% latency reduction (185 ms vs. 680 ms cloud), 35% throughput improvement (850 vs. 630 records/s), and high summarization performance (ROUGE-1: 0.87, ROUGE-2: 0.82, BLEU: 0.76). Predictive analytics delivered an F1-score of 0.94 for anomaly detection. HIPAA compliance was ensured through local data processing, and resource usage remained minimal (≤1.5 GB RAM, ≤70% CPU). By tightly coupling Kafka streaming, LLM summarization, and edge analytics, the proposed framework provides a scalable and secure infrastructure for real-time healthcare IoT. Future work includes incorporating federated learning, multimodal data fusion, and dynamic compression to enhance adaptability and clinical utility.",https://www.semanticscholar.org/paper/6e753210b9db730c7d7f3e399e9ff5282671e438
6f02db4775e5b2b249d9396da355a63de91f8171,Examining Federated Learning Architecture's Capability to Protect Data Privacy During the Training of Collaborative Healthcare Models,Narenthirakumar Appavu,2025,2025-08-12,International Conference on Information Security and Cryptology,10.1109/ICISC65841.2025.11187468,,"Working with artificial intelligence (AI) in the healthcare industry yields revolutionary results, especially when machine learning techniques are used to teamwork. Because patient data is sensitive and subject to stringent rules, central data aggregation is difficult. Federated Learning is a computer technique that allows for the decentralised deployment of artificial intelligence by training models at the source device while preserving the original data locally. By analysing healthcare collaborative systems that comprise EHR data, diagnostic imaging data, and wearable health data, researchers assess a variety of FL designs in terms of their ability to maintain privacy or their learning performance. Horizontal FL, Vertical FL, and Hybrid FL are compared based on their communication requirements, training efficiency, time to convergence, and vulnerability to data exposure. Using device simulations on a Raspberry Pi 4 and an NVIDIA Jetson Nano operating under real-world implementation constraints, the study team conducted experimental assessments. To assess real-world applications, the study uses privacy-protected methods such safe aggregation, homomorphic encryption, and differential privacy inside the FL structure. The optimal balance between superior performance as well as privacy protection in simulation operation is achieved by hybrid FL technology that combines adaptive compression with safe aggregation approaches. Our research offers useful insights into how Federalised Learning facilitates collaborative artificial brains that safeguard the privacy of medical data. By creating operational guidelines for healthcare professionals and AI developers who wish to establish large privacy-protecting smart systems, research that relies on real-world emulation acts as the study's basic novelty. In addition to explanatory model solutions for clinical deployment dependability, developers should concentrate on three primary future directions: using blockchain to enable reporting and customising models on device hardware.",https://www.semanticscholar.org/paper/6f02db4775e5b2b249d9396da355a63de91f8171
7239b0746e67c6b66f0cd148963ee43bdcae23ce,Next-Gen Telehealth: A Low-Latency IoT and Edge AI Framework for Personalized Remote Diagnosis,M.Pradeep; V. Vijayasri; B.Perumal Department of E.C.E; K.A.Jyotsna; G.Ramesh Yadav; Ramachandran Vedantham; S.Kanakaprabha,2025,2025-04-23,International Congress on Information and Communication Technology,10.1109/ICICT64420.2025.11004688,,"This research introduces an enhanced IoT-based framework designed for real-time remote diagnosis and personalized telemedicine. The methodology integrates health-monitoring sensors, edge AI processing using Raspberry Pi 4 and NVIDIA Jetson Nano, and a secure cloud/telemedicine platform. Pre-trained AI models on the edge devices facilitate early detection and real-time alerts, while a smartphone gateway transmits data to the cloud. The cloud platform ensures secure data storage, EMR (Electronics Medical Record) integration, and real-time video consultations. A simulated smart healthcare environment was used for testing. Results demonstrate low latency (80-150ms) and high accuracy (92%) in edge AI inference. Data transmission efficiency was above 99.5%. A simulated patient usability survey indicated high satisfaction with the mobile health management app, and dashboards provided clear visualizations of patient data. The framework demonstrates potential for improved healthcare accessibility and efficiency compared to traditional telemedicine models.",https://www.semanticscholar.org/paper/7239b0746e67c6b66f0cd148963ee43bdcae23ce
73c2e442d3eb8d7fd6526899ad900a8b4b8be11c,"Predicting Delay, Power, and Energy of Edge AI Inference with Ridge Regression",Minkyu Park; Jaemin Jeong; Ji-Ho Cho; Jeong-Gun Lee,2026,2026-02-03,IEEE International Conference on Consumer Electronics,10.1109/ICCE67443.2026.11449747,,"As AI becomes central to consumer devices, edge inference must meet strict latency and energy constraints under limited compute and thermal budgets. We present a regression-based framework for predicting four inference metrics—Delay, Power, Energy, and Energy–Delay Product (EDP)—on the NVIDIA Jetson Orin Nano. The predictor leverages structural features (FLOPs, parameters, depth, Conv/MLP ratio) and run-time settings (GPU frequency, batch size). Delay and Energy are modeled with log-linear Ridge regression, while Power is refined from a physics-based approximation (P ≈ E/T ) with residual correction. Evaluation under random, architecture, and runtime holdouts demonstrates high accuracy for Delay and Energy, robust Power prediction across architectures, and moderate sensitivity to runtime shifts. The framework provides interpretable formulas that enable rapid design-space exploration for consumer electronics such as smart cameras, wearables, XR devices, and healthcare systems.",https://www.semanticscholar.org/paper/73c2e442d3eb8d7fd6526899ad900a8b4b8be11c
81dd6fd9130004181f5b5938be7202feb29c5400,An efficient deep learning framework for detecting and classifying brain tumour from DWT compressed MRI images,K. A. Neena; M. N. Anil Kumar,2025,2025-08-23,Multimedia tools and applications,10.1007/s11042-025-21034-3,,,https://www.semanticscholar.org/paper/81dd6fd9130004181f5b5938be7202feb29c5400
82ff8f30e5a615634e4b6b25493133cc9c9bc887,EDGE-AI EN SISTEMAS EMBEBIDOS: MODELOS Y MÉTRICAS ENERGÉTICO-COMPUTACIONALES.  REVISIÓN SISTEMÁTICA,Fernando Ochoa Paredes,2025,2025-10-01,Revista de Investigación Intercultural ASAMPITAKOYETE,10.58719/es01mt94,,"Edge AI integrates AI, edge computing, and mobile edge computing to process data near the source with low latency, low power consumption, and greater privacy. It addresses the need to run local inference on resource-constrained devices (sensors, MCUs, SBCs like the Jetson Nano or Raspberry Pi, FPGAs, and accelerators like the Edge TPU) without relying on the cloud for real-time processing. This systematic review focuses on hardware-software co-optimization: compact models (quantized and pruned CNNs, lightweight YOLO-lite variants, SNNs) and toolchains (TensorFlow Lite Micro, CMSIS-NN, TVM/microTVM) that balance accuracy, latency, and power while minimizing RAM/Flash footprint. This approach is key in healthcare, transportation, industrial security, and home automation. Although there is a history of this field, it has grown rapidly in the last five years. Articles published between 2020 and 2025 were reviewed using the Google Scholar and Scopus search engines, with Boolean operators applied. Twenty-four articles were included based on computational models, edge hardware, and energy metrics. Edge AI in embedded systems has matured in the development process, but it still relies heavily on prototype development platforms. Similarly, energy metrics need to be standardized to compare realistic performance between solutions, considering external factors that may affect them.",https://www.semanticscholar.org/paper/82ff8f30e5a615634e4b6b25493133cc9c9bc887
8474d275229c6e4802321f4b1adeef44bbf3c02c,Smart Health System with Edge AI and Computer Vision for Real-Time Decision Support,Hashem Alomari; Ahmad Salah; Malak I. Naji,2025,2025-12-01,2025 International Conference on Decision Aid Sciences and Applications (DASA),10.1109/DASA68193.2025.11498915,,"The increasing demand for efficient and accessible healthcare services has highlighted the limitations of traditional patient management systems, including prolonged waiting times, high staffing costs, and substantial spatial requirements. This paper presents the design and evaluation of a Smart Health System leveraging Edge AI for real-time health monitoring and automated patient triage. The proposed framework integrates Bluetooth Low Energy (BLE) IoT sensors, machine learning based scoring models, and computer vision modules to enable continuous assessment and decision support at the edge. An NVIDIA Jetson Nano performs on-device inference, ensuring low latency, secure processing, and privacy preservation through AES-256 encryption and HTTPS based transmission. The modular system architecture supports scalability and seamless interoperability between IoT and AI components. Experimental validation confirmed accurate and stable physiological measurements, such as synchronized pulse rate and oxygen saturation, along with substantial operational gains: an 80% reduction in patient waiting time and space utilization, and a 50% reduction in staffing requirements. These outcomes demonstrate the system’s capability to optimize healthcare workflows while maintaining clinical reliability and privacy compliance, contributing to the advancement of preventive and occupational healthcare through intelligent real-time decision support at the edge.",https://www.semanticscholar.org/paper/8474d275229c6e4802321f4b1adeef44bbf3c02c
8909f75173f44681635f233b6fe79e67d80e7c45,Edge AI: Reshaping the Future of Edge Computing with Artificial Intelligence,L. Banjanović-Mehmedović; A. Husaković,2023,2023-10-01,BASIC TECHNOLOGIES AND MODELS FOR IMPLEMENTATION OF INDUSTRY 4.0,10.5644/pi2023.209.07,,"This paper highlights the growing importance of edge computing and the need for AI techniques to enable intelligent processing at the edge. Edge computing has emerged as a paradigm shift that brings data processing and storage closer to the source, minimizing the need for transmitting large volumes of data to remote locations. The integration of AI capabilities at the edge enables intelligent and real-time decisionmaking on resource-constrained devices. This paper discusses the significance of Edge AI across various domains, including automotive applications, smart homes, industrial IoT, and healthcare. By leveraging AI algorithms on edge devices, efficient implementation and deployment become possible, leading to improved latency, privacy, and security.The various AI techniques used in edge computing are presented, including machine learning, deep learning, reinforcement learning and transfer learning. As AI continues to play a pivotal role in driving edge computing, the integration of hardware accelerators and software platforms is gaining utmost significance to efficiently run inference models. A variety of popular options have emerged to accelerate AI at the edge, and notable among them are NVIDIA Jetson, Intel Movidius Myriad X, and Google Coral Edge TPU. The importance of specialized System-on-a-Chip (SoC) solutions for Edge AI, capable of supporting high-performance video, voice, and vision processing alongside integrated AI accelerators is presented as well. By examining the transformative potential of Edge AI, this paper aims to inspire researchers, practitioners, and industry professionals to explore the vast possibilities of integrating AI at the edge. With Edge AI reshaping the future of edge computing, intelligent decision-making becomes seamlessly integrated into our daily lives, driving advancements across various sectors.",https://www.semanticscholar.org/paper/8909f75173f44681635f233b6fe79e67d80e7c45
896756e5cb898a3f202b31b8b28b129ad2e240b9,Artificial Intelligence-Enhanced Multi-Lead ECG Monitoring for Early Cardiovascular Disease Detection and Cuffless Blood Pressure Estimation in Smart Healthcare,Wai-Chi Fang; Ya-Chin Lo,2025,2025-01-11,IEEE International Conference on Consumer Electronics,10.1109/ICCE63647.2025.10929814,,"This study introduces an AI-driven multi-lead ECG real-time monitoring system designed for cardiovascular disease detection and blood pressure estimation, integrated within the framework of smart healthcare. By utilizing deep learning techniques, particularly Convolutional Neural Networks (CNNs), the system accurately detects Premature Ventricular Contractions (PVCs) from multi-lead ECG signals, significantly improving diagnostic precision. Additionally, it implements a cufftess blood pressure estimation method by combining ECG and photo-plethysmography (PPG) signals through Pulse Transit Time (PTT) features. The system is deployed on the Nvidia Jetson Nano embedded platform, offering real-time processing, low power consumption, and continuous monitoring, which is ideal for remote health management. Experimental results highlight its ability to enhance early detection of cardiovascular conditions, showcasing its integration within smart healthcare systems to support personalized health management and remote monitoring.",https://www.semanticscholar.org/paper/896756e5cb898a3f202b31b8b28b129ad2e240b9
9227f03f543250d348ddb161e01b24d9fbf65902,Multi-Disease Detection Using Deep Learning,O. Sahu; A. Singh; D. Prakash,2025,2025-12-17,International Symposium on Embedded Computing and System Design,10.1109/ISED67359.2025.11405003,,"Early and correct diagnosis is still a major difficulty in today’s healthcare system, especially in impoverished and distant areas with limited access to professional medical staff and testing facilities. worse treatment expenses and worse death rates are frequently the results of delayed diagnosis. Using cutting-edge Deep Learning (DL) and Machine Learning (ML) architectures combined with edge computing for real-time deployment, this study provides a reliable, scalable, and multi-modal disease detection system. The suggested system can identify more than 50 diseases by using ensemble learning techniques for structured clinical data and Convolutional Neural Networks (CNNs) for image-based diagnosis. These include infectious diseases like sickle cell anemia and malaria, complicated pathologies like brain tumors and different types of cancer, and chronic problems like diabetes and cardiovascular disorders.Offline inference in low-bandwidth contexts is made possible by the system’s deployment optimization on the NVIDIA Jetson Nano. With diabetes prediction at 94%, obesity classification at 99%, brain tumor detection at 96%, and chronic kidney disease prediction at 99%, experimental results show remarkable predictive accuracy across different models. This approach offers an affordable answer to global health issues by bridging the gap between cutting-edge AI capabilities and easily accessible healthcare infrastructure.",https://www.semanticscholar.org/paper/9227f03f543250d348ddb161e01b24d9fbf65902
92d227ca6f765f56431f412a7ee4d680a9ee6a07,Integrating AI-Driven Predictive Analytics in Wearable IoT for Real-Time Health Monitoring in Smart Healthcare Systems,Siriwan Kajornkasirat; Chanathip Sawangwong; Kritsada Puangsuwan; Napat Chanapai; Weerapat Phutthamongkhon; Supattra Puttinaovarat,2025,2025-04-16,Applied Sciences,10.3390/app15084400,,"The spread of infectious diseases, such as COVID-19, presents a significant problem for public health and healthcare systems. Digital technology plays an important role in achieving access to healthcare by enhancing device connectivity and information sharing. This study aimed to develop, implement, and demonstrate a tracking and surveillance system to enhance monitoring for emerging infectious diseases, focusing on COVID-19 patient profiling. The system integrates IoT-based wearable devices, an artificial intelligence (AI) camera for real-time monitoring, and a MySQL database for data management. The program uses Charts.js for data visualization and Longdo Map API for mapping, leveraging Jetson Nano boards, webcams, and Python (Version 3.9). We employed a classification technique to categorize patients into two groups: those with a positive mood and those with a negative mood. For comparing accuracies, we utilized three types of models: multilayer perceptron (MLP), support vector machine (SVM), and random forest. Model validation and evaluation were conducted using Python programming. The results of this study fall into three parts. The first part involved testing the monitoring and surveillance system. It was found that the system could receive information from the wearable device, display the received data in graph form, and notify the medical staff when examining symptoms to consider whether the patient should be taken to the hospital. The second part focused on testing the device, and it was found that it could measure body temperature, heart rate, and blood oxygen levels (SpO2) and send those data to the database. The third part involved an AI camera test, and it was found that the most suitable algorithm to analyze the patient’s facial expressions was Random Forest. The results show that the system supports hospitals in managing COVID-19 and similar diseases by enabling timely interventions through facial expression analysis.",https://www.semanticscholar.org/paper/92d227ca6f765f56431f412a7ee4d680a9ee6a07
964444f2fbd9d6d7c23cf4503ea7f12c48462b01,An Application-Oriented Review of Deep Learning Architectures for Edge Video Analytics on NVIDIA Jetson Nano,A. D; R. V,2026,2026-06-25,2026 Third International Conference on Innovations in Cybersecurity and Data Science (ICICDS),10.1109/ICICDS70526.2026.11604677,,"The real-time edge video analytics market is growing rapidly due to recent developments in smart surveillance, transportation, industrial safety, healthcare, agriculture, and emergency-response systems. The NVIDIA Jetson Nano has emerged as a popular embedded AI platform because of its computational capability, low power consumption, compact form factor, and support for deployment frameworks such as CUDA, TensorRT, DeepStream, and ONNX. This review adopts an application-oriented perspective and examines how deep learning architectures have been deployed on Jetson Nano for computer vision-based surveillance, anomaly detection, healthcare, agriculture, transportation, industrial inspection, multimodal rescue systems, and secure embedded vision applications. Unlike traditional architecture-focused surveys, the review emphasizes the relationship between application requirements, deployment constraints, and architecture selection in real-world edge environments. The study compares deployment strategies, performance metrics, optimization techniques, and practical constraints reported across different application domains. By linking architecture selection with application requirements and deployment considerations, the review provides insights into the design of efficient real-time video analytics systems on resource-constrained edge platforms.",https://www.semanticscholar.org/paper/964444f2fbd9d6d7c23cf4503ea7f12c48462b01
abc231c6b3e4ff29b5a69a3363cf28c844cf44ec,A novel end-to-end privacy preserving deep Aquila feed forward networks on healthcare 4.0 environment,Ponugoti Kalpana; Sunitha Tappari; L. Smitha; D. Madhavi; K. Naresh; Maddala Vijayalakshmi,2025,2025-06-03,Discover Internet of Things,10.1007/s43926-025-00157-x,,"Healthcare 4.0 is considered to be the most resilient technology with the integration of Internet of Things (IoT), Artificial Intelligence (AI), and 5G wireless communication. These Internet-enabled devices compile human data and deliver it to remote clinical centers for efficient diagnosis and treatment processes. Though sensor-driven devices have largely eased everyday lives, these healthcare systems have been suffering from various security breaches and data privacy problems. This evokes a need for designing intelligent systems to eradicate data breaches and privacy problems. This research presents a groundbreaking framework that uniquely combines privacy-preserving optimized deep learning to effectively diagnose cardiac troubles utilizing edge and fog computing devices. The recommended framework is tested with real-time datasets and employs federated learning for training the network. To ensure high prediction performance, Gated Aquila Optimized Deep Feedforward Networks (GAODP) are used to predict heart diseases. In the primary instance, information is acquired by the IoT sensors and stored in fog gateways. Subsequently, the federated mode of GAODP is adopted for the prediction of heart diseases. The ablation tests are conducted utilizing IoT nodes connected to medical sensors, with fog gateways implemented using Embedded Jetson Nano gadgets. Extensive evaluations are carried out using the gathered datasets, and performance metrics are examined and analyzed. The experimentation involves various traditional deep learning frameworks to prove the performance of privacy-preserving models. Moreover, the duration required to construct the model is calculated to confirm the recommended model's intricacy. The outcome indicate that the recommended model has attained notable predictive accuracy, including precision (0.98), recall (0.975), specificity (0.98), F1-score (0.99) and accuracy (0.99) with less computational overhead. Advanced privacy-preserving AI The study introduces a privacy-focused AI framework for diagnosing heart diseases effectively. Optimized for real-time healthcare The proposed model ensures high accuracy while minimizing latency and computational load. Validated on fog computing setups Extensive testing demonstrates superior performance in IoT-Fog environments for cardiac care. Advanced privacy-preserving AI The study introduces a privacy-focused AI framework for diagnosing heart diseases effectively. Optimized for real-time healthcare The proposed model ensures high accuracy while minimizing latency and computational load. Validated on fog computing setups Extensive testing demonstrates superior performance in IoT-Fog environments for cardiac care.",https://www.semanticscholar.org/paper/abc231c6b3e4ff29b5a69a3363cf28c844cf44ec
b792cad5a8b32c397d645fa4b0d0934f4f85969a,"A Survey of Machine Learning in Edge Computing: Techniques, Frameworks, Applications, Issues, and Research Directions",Oumayma Jouini; K. Sethom; Abdallah Namoun; N. Aljohani; M. H. Alanazi; Mohammad N. Alanazi,2024,2024-06-03,Technologies,10.3390/technologies12060081,,"Internet of Things (IoT) devices often operate with limited resources while interacting with users and their environment, generating a wealth of data. Machine learning models interpret such sensor data, enabling accurate predictions and informed decisions. However, the sheer volume of data from billions of devices can overwhelm networks, making traditional cloud data processing inefficient for IoT applications. This paper presents a comprehensive survey of recent advances in models, architectures, hardware, and design requirements for deploying machine learning on low-resource devices at the edge and in cloud networks. Prominent IoT devices tailored to integrate edge intelligence include Raspberry Pi, NVIDIA’s Jetson, Arduino Nano 33 BLE Sense, STM32 Microcontrollers, SparkFun Edge, Google Coral Dev Board, and Beaglebone AI. These devices are boosted with custom AI frameworks, such as TensorFlow Lite, OpenEI, Core ML, Caffe2, and MXNet, to empower ML and DL tasks (e.g., object detection and gesture recognition). Both traditional machine learning (e.g., random forest, logistic regression) and deep learning methods (e.g., ResNet-50, YOLOv4, LSTM) are deployed on devices, distributed edge, and distributed cloud computing. Moreover, we analyzed 1000 recent publications on “ML in IoT” from IEEE Xplore using support vector machine, random forest, and decision tree classifiers to identify emerging topics and application domains. Hot topics included big data, cloud, edge, multimedia, security, privacy, QoS, and activity recognition, while critical domains included industry, healthcare, agriculture, transportation, smart homes and cities, and assisted living. The major challenges hindering the implementation of edge machine learning include encrypting sensitive user data for security and privacy on edge devices, efficiently managing resources of edge nodes through distributed learning architectures, and balancing the energy limitations of edge devices and the energy demands of machine learning.",https://www.semanticscholar.org/paper/b792cad5a8b32c397d645fa4b0d0934f4f85969a
be96c83a8288785118bee70175319ad8054b725c,Edge-AI integrated secure wireless IoT architecture for real time healthcare monitoring and federated anomaly detection,M. Prabha; S. Nandhini; M. Dayanidhy; R. Pradeep,2025,2025-12-17,Scientific Reports,10.1038/s41598-025-30150-x,,"The rapid digitalization of healthcare demands intelligent, low-latency, and privacy-preserving systems capable of operating at the network edge. This study introduces a unified Edge-AI framework that seamlessly combines dual wireless connectivity (LoRaWAN + 5G), federated learning (FL), Proof-of-Authority (PoA) block chain, and homomorphic encryption (HE) to achieve secure real-time anomaly detection in patient monitoring. A quantized CNN–LSTM model was deployed on NVIDIA Jetson Nano devices and trained using a synthetic dataset statistically modelled from the MIT-BIH Arrhythmia Database, capturing vital signals such as heart rate, temperature, and oxygen saturation. The integrated system attained 91.9% accuracy and 90.8% F1-score, with only an 8.7% latency overhead attributed to HE operations. A paired two-tailed t-test (p < 0.01) confirmed that these gains are both statistically and clinically significant, indicating reliable diagnostic performance under constrained conditions. Beyond performance, the proposed framework ensures end-to-end data confidentiality, tamper-proof auditability, and energy-efficient edge inference, offering a scalable pathway toward trustworthy, next-generation smart-healthcare ecosystems.",https://www.semanticscholar.org/paper/be96c83a8288785118bee70175319ad8054b725c
bfd36ac3da11e2d47bfe20fa49b9c65b5c553e98,Explainable AI in Edge Devices: A Lightweight Framework for Real-Time Decision Transparency,Mohammed AlNusif,2025,2025-07-02,International Journal Of Engineering And Computer Science,10.18535/ijecs.v14i07.5181,," 
The increasing deployment of Artificial Intelligence (AI) models on edge devices—such as Raspberry Pi, NVIDIA Jetson Nano, and Google Coral TPU—has revolutionized real-time decision-making in critical domains including healthcare, autonomous vehicles, and surveillance. However, these edge-based AI systems often function as opaque ""black boxes,"" making it difficult for end-users to understand, verify, or trust their decisions. This lack of interpretability not only undermines user confidence but also poses serious challenges for ethical accountability, regulatory compliance (e.g., GDPR, HIPAA), and safety in mission-critical applications.
To address these limitations, this study proposes a lightweight, modular framework that enables the integration of Explainable AI (XAI) techniques into resource-constrained edge environments. We explore and benchmark several state-of-the-art XAI methods—including SHAP (SHapley Additive Explanations), LIME (Local Interpretable Model-agnostic Explanations), and Saliency Maps—by evaluating their performance in terms of inference latency, memory usage, interpretability score, and user trust across real-world edge devices. Multiple lightweight AI models (such as MobileNetV2, TinyBERT, and XGBoost) are trained and deployed on three benchmark datasets: CIFAR-10, EdgeMNIST, and UCI Human Activity Recognition.
Experimental results demonstrate that while SHAP offers high-quality explanations, it imposes significant computational overhead, making it suitable for moderately powered platforms like Jetson Nano. In contrast, LIME achieves a balanced trade-off between transparency and resource efficiency, making it the most viable option for real-time inference on lower-end devices like Raspberry Pi. Saliency Maps, though computationally lightweight, deliver limited interpretability, particularly for non-visual data tasks.
Furthermore, two real-world case studies—one in smart health monitoring and the other in drone-based surveillance—validate the framework's applicability. In both scenarios, the integration of XAI significantly enhanced user trust and decision reliability without breaching latency thresholds.
Ultimately, this paper contributes a scalable, device-agnostic solution for embedding explainability into edge intelligence, enabling transparent AI decisions at the point of data generation. This advancement is crucial for the future of trustworthy edge AI, particularly in regulated and high-risk environments.",https://www.semanticscholar.org/paper/bfd36ac3da11e2d47bfe20fa49b9c65b5c553e98
cab61f542e2253ebce82680b8b376d4fbe760200,A Novel Herbal Leaf Based Multi-Disease Prediction Methodology Using Anti-Biotic Particles Enabled Learning Principle,S. T; L. N; B. Ravindran,2025,2025-11-06,2025 Tenth International Conference on Science Technology Engineering and Mathematics (ICONSTEM),10.1109/ICONSTEM65670.2025.11374880,,"The emergence of antimicrobial resistance and the necessity to measure and test at the initial stages of disease development and monitor multiple diseases, has highlighted the significance of combining classic medicinal experience with the contemporary computational intelligence. The present paper introduces a new conceptual framework that involves the combination of the antibacterial effects of Azadirachta Indica (Neem) and Mimosa Pudica (Shameplant) with green-synthesized Zinc Oxide (ZnO2) and Titanium Dioxide (TiO2) nanoparticles to create a powerful herbal-nanoparticle bio-composite. This composite biological interaction is imaged through high-resolution imaging and spectral sensing, whereby a multi-modal dataset captures early manifestations of bacterial, fungal and viral diseases is generated. A particle-aware training strategy supplements these features with a deep learning-based DNN-LSTM hybrid model to classify the disease correctly. The proposed system was better than the classical models with a classification accuracy of 96.4, a precision and an F1-score of 94.4. It has been experimentally demonstrated that the synergy of herbal and nanoparticles not only improves antimicrobial action but also increases the enrichment of training data due to variability caused by particles. This paper finds that combining phytochemical bioactivity with deep learning is very effective in enhancing the sensitivity of disease prediction particularly in resource-poor environments. It also confirms that real-time diagnosis is possible with the use of edge-compatible models on platforms like Jetson Nano. Further research on medicinal herbs will encompass a more diverse range of medicinal, will expand out to human dermal uses, and will integrate federated learning to provide privacy-preserving diagnostics. The approach would usher in scalable AI-driven, eco-friendly disease detection systems in agriculture and healthcare.",https://www.semanticscholar.org/paper/cab61f542e2253ebce82680b8b376d4fbe760200
cbc9b4105a67f33151446cafc410e5ee8bb8ff1c,Enabling On-Device Medical AI Assistants via Input-Driven Saliency Adaptation,Uttej Kallakurik; Edward Humes; Rithvik Jonna; Xiaomin Lin; T. Mohsenin,2025,2025-06-07,arXiv.org,10.48550/arXiv.2506.11105,2506.11105,"Large Language Models (LLMs) have significant impact on the healthcare scenarios but remain prohibitively large for deployment in real-time, resource-constrained environments such as edge devices. In this work, we introduce a novel medical assistant system, optimized through our general-purpose compression framework, which tailors Large Language Models (LLMs) for deployment in specialized domains. By measuring neuron saliency on domain-specific data, our method can aggressively prune irrelevant neurons, reducing model size while preserving performance. Following pruning, we apply post-training quantization to further reduce the memory footprint, and evaluate the compressed model across medical benchmarks including MedMCQA, MedQA, and PubMedQA. We also deploy the 50\% compressed Gemma and the 67\% compressed LLaMA3 models on Jetson Orin Nano (18.7W peak) and Raspberry Pi 5 (6.3W peak), achieving real-time, energy-efficient inference under hardware constraints.",https://www.semanticscholar.org/paper/cbc9b4105a67f33151446cafc410e5ee8bb8ff1c
d43c00f8a636a3a6e53ddd2204bfd5b556b40839,A Hybrid Deep Learning Guided Few-Shot Biomedical Image Classification for Resource Constrained Clinical Settings,A. Rajalakshmi; S. Ananthi; R. K. Padmashini; Jayashree N; M. D. Boomija; Prasannambiga G,2026,2026-01-29,International Conference on Signals and Electronic Systems,10.1109/ICSES66558.2026.11478826,,"The insufficient annotated data, great variability of modalities, and the computational requirements of standard deep learning models are a strong impediment to biomedical image classification in low-resource clinical environments. This paper proposes a hybrid few-shot learning model, a CNN-Transformer-based feature extractor with Prototypical Networks and embedding refinement techniques addressing them. The model is trained on fewshot tasks designed based on the ChestX-ray14 dataset, where the conditions are realistic low-data episodes of 5way, 5 -shot. It combines feature hallucination to artificially boost sparse classes and employs adversarial domain adaptation to boost cross-modality (X-ray and MRI) generalizability. The accuracy of the proposed model reaches 95.08, which is much higher than a number of state-of-the-art baselines, such as Matching Networks, MAML, and standalone Transformer or CNN models. Assessment involves the performance in various shots, domains and model ablations, which exhibit strong generalization and performance. The framework is lightweight and can run on resource-constrained edge hardware such as Jetson Nano and is able to provide real-time diagnostic assistance to under-serviced areas. This study reveals the opportunities of few-shot hybrid architectures in closing the divide between state-of-the-art AI and access to healthcare to be available to the entire world, thus making it possible to deploy it in realworld clinical environments with a minimum of annotation.",https://www.semanticscholar.org/paper/d43c00f8a636a3a6e53ddd2204bfd5b556b40839
dfb63e5877704e567ec0af09cbc83ca647b14a7d,An Experimental Study of Application of Edge AI for Accelerated Computation,Sougata Banerjee; Gaurav Ganguly; Sourav Kumar; Shopan Dey,2025,2025-12-08,"2025 13th International Conference on Intelligent Embedded, MicroElectronics, Communication and Optical Networks (IEMECON)",10.1109/IEMECON69302.2025.11365818,,"Edge Artificial Intelligence (Edge AI) provides AI inference close to the source of the data, minimizing dependence on cloud servers located in a central location. This work describes an experimental investigation into comparing the performance between a convolutional neural network (MobileNetV2) running on an NVIDIA Jetson Nano edge device and a conventional host system. The major performance parameters-latency, throughput, energy consumption, memory utilization, accuracy, and communication overhead-were evaluated under different workload intensities. Results show that edge deployment remained sufficient for standard real-time applications, dropping only slightly in the high-load scenario. These results validate edge AI to offer timely, energy-efficient, and bandwidth-aware computation, thus being ideal for latency-critical and resource-limited scenarios like autonomous systems, industrial IoT, and healthcare monitoring. The article also presents trade-offs in terms of computational load, memory usage, and model optimization techniques and offers pragmatic advice on deploying AI workloads at the edge. This study provides quantitative evidence in favor of edge AI as a feasible strategy for next-generation intelligent systems.",https://www.semanticscholar.org/paper/dfb63e5877704e567ec0af09cbc83ca647b14a7d
e376386a3c4bd42a9b0cae5634b58fe91f17386d,Smart Infant Monitoring System Using Computer Vision and AI,Gurpreet Singh; A. Shekhar; Xinrui Yu; J. Saniie,2023,2023-05-18,IEEE International Conference on Electro/Information Technology,10.1109/eIT57321.2023.10187295,,"The new era of technology is being greatly influenced by the field of artificial intelligence. Computer vision and deep learning have become increasingly important due to their ability to process vast amounts of data and provide insights and solutions in a variety of fields. Computer vision, deep learning and signal analysis have been used in a growing number of applications and services including smart devices, image, and speech recognition, healthcare, etc., one such device is an infant monitoring system. It monitors the daily activities of the infant such as their sleeping patterns, sounds, and movements. In this paper, deep learning and computer vision libraries were used to develop algorithms to detect whether the infant was in any uncomfortable situation such as sleeping on its back, face being covered and whether the infant was awake. The smart infant monitoring system detects the infant's unsafe resting situation in real time and sent immediate alerts to the caretaker's device. This paper presents the design flow of a smart infant monitoring system consisting of a night vision camera, a Jetson Nano, and a Wi-Fi internet connection. The pose estimation and awake detection algorithms were developed and tested successfully for different infant resting/sleeping situations. The smart infant monitoring system provides significant benefits for safety and an improved understanding of infants' sleep patterns and behavior.",https://www.semanticscholar.org/paper/e376386a3c4bd42a9b0cae5634b58fe91f17386d
e3956bb70d1085394e53dbd4b3c34fb757f4c012,Computer Vision for Real-Time Monkeypox Diagnosis on Embedded Systems,Manuel Delgado-Restituto; Ricardo A. Morell-Rodriguez; Sebastián O. Espinosa-Del Rosario; Wilfredo E. Lugo-Beauchamp,2025,2025-07-23,arXiv.org,10.1007/978-3-032-09694-4,2507.17123,"The rapid diagnosis of infectious diseases, such as monkeypox, is crucial for effective containment and treatment, particularly in resource-constrained environments. This study presents an AI-driven diagnostic tool developed for deployment on the NVIDIA Jetson Orin Nano, leveraging the pre-trained MobileNetV2 architecture for binary classification. The model was trained on the open-source Monkeypox Skin Lesion Dataset, achieving a 93.07% F1-Score, which reflects a well-balanced performance in precision and recall. To optimize the model, the TensorRT framework was used to accelerate inference for FP32 and to perform post-training quantization for FP16 and INT8 formats. TensorRT's mixed-precision capabilities enabled these optimizations, which reduced the model size, increased inference speed, and lowered power consumption by approximately a factor of two, all while maintaining the original accuracy. Power consumption analysis confirmed that the optimized models used significantly less energy during inference, reinforcing their suitability for deployment in resource-constrained environments. The system was deployed with a Wi-Fi Access Point (AP) hotspot and a web-based interface, enabling users to upload and analyze images directly through connected devices such as mobile phones. This setup ensures simple access and seamless connectivity, making the tool practical for real-world applications. These advancements position the diagnostic tool as an efficient, scalable, and energy-conscious solution to address diagnosis challenges in underserved regions, paving the way for broader adoption in low-resource healthcare settings.",https://www.semanticscholar.org/paper/e3956bb70d1085394e53dbd4b3c34fb757f4c012
e6c33741f910378191f52f90f9677cd98f476a94,Hybrid Cloud–Edge Frameworks for Real-Time Data Analytics and Decision Intelligence,Sathish Kaniganahalli Ramareddy,2024,2024-06-28,"International journal of electrical, electronics and computer systems",10.65521/ijeecs.v13i2.877,,"The exponential growth of data in distributed environments has intensified the need for scalable and intelligent architectures that can deliver real-time analytics and decision-making. This paper proposes a Hybrid Cloud–Edge Framework for Real-Time Data Analytics and Decision Intelligence that integrates the computational efficiency of edge computing with the global scalability and cognitive power of cloud systems. The framework introduces a multi-layer architecture comprising device, edge, communication, cloud, and orchestration layers, coordinated by an AI-driven Decision Intelligence Layer employing reinforcement learning and knowledge graphs. Experimental implementation using Kubernetes-managed microservices on NVIDIA Jetson and Google Cloud environments demonstrated a 38% reduction in latency, 21% improvement in decision accuracy, and 25% reduction in energy consumption compared to traditional cloud-centric systems. The results validate that hybrid orchestration enables adaptive workload distribution, bi-directional learning, and self-optimization under dynamic conditions. This research contributes a foundational model for developing intelligent, scalable, and context-aware distributed systems, paving the way for next-generation real-time analytics in industrial, healthcare, and smart infrastructure domains.",https://www.semanticscholar.org/paper/e6c33741f910378191f52f90f9677cd98f476a94
f3b40b592827aec914cedb16be3c3ba088ce2e4a,Energy Efficient Edge AI with Measured Energy Saving,Benjamin Agyekum; Agyapong Gloria; Daniel Seffah-Duodu,2026,2026-06-25,International Journal of Scientific Research in Science Engineering and Technology,10.32628/ijsrset2613374,,"The rapid deployment of artificial intelligence at the network edge has created an urgent need for inference systems that can deliver high accuracy while minimizing energy consumption, latency, and hardware overhead. Conventional edge AI models often achieve strong predictive performance but operate with inefficient computational patterns, excessive memory access, and static inference pipelines that fail to adapt to changing workload conditions. This paper proposes an Energy-Aware Adaptive Edge Inference Network (EAAEIN), a novel edge AI optimization framework designed to reduce measured energy consumption while preserving model accuracy across resource-constrained devices. The proposed approach combines dynamic neural pathway pruning, quantization-aware inference, workload-sensitive voltage-frequency scaling, and an energy feedback controller that adjusts computation intensity according to real-time power measurements. Unlike existing techniques such as MobileNetV3, EfficientNet-Lite, TinyML-based static quantization, and early-exit neural networks, EAAEIN integrates model-level compression with device-level energy monitoring to produce measurable and verifiable energy savings during live inference. The study evaluates EAAEIN using benchmark edge AI workloads, including image classification, sensor-based anomaly detection, and lightweight object recognition. Performance is assessed using accuracy, inference latency, throughput, memory footprint, energy per inference, and percentage energy saving. Comparative experiments are conducted against MobileNetV3, EfficientNet-Lite, SqueezeNet, Tiny-YOLO, and a baseline convolutional neural network deployed on edge hardware such as Raspberry Pi, NVIDIA Jetson Nano, and microcontroller-class TinyML platforms. Experimental graphs are used to compare energy consumption, accuracy-energy trade-off, latency reduction, and computational efficiency across all models. The results demonstrate that the proposed EAAEIN model achieves superior energy efficiency by reducing energy consumption per inference while maintaining competitive accuracy and low latency. The measured energy saving is expected to provide practical evidence for sustainable edge intelligence in smart healthcare monitoring, industrial Internet of Things, autonomous sensing, smart agriculture, and low-power surveillance systems. The paper concludes that energy-aware adaptive inference can significantly improve the sustainability and deployability of edge AI systems by aligning algorithmic efficiency with real-time hardware power behavior.",https://www.semanticscholar.org/paper/f3b40b592827aec914cedb16be3c3ba088ce2e4a
f411183cd5c255b7e871be8f231c3340a8ce2abb,"Review of sentiment analysis in social media using big data: ‎techniques, tools, and frameworks",Srishti Sudhir Patil; V. Suryawanshi; Sudhir Madhav Patil; S. Girase; Dhananjay Bhagat,2025,2025-06-09,International Journal of Basic and Applied Sciences,10.14419/mhv83077,,"Sentiment analysis on social media has emerged as a vital research area due to the growing volume of user-generated content and the in-‎creasing reliance on data-driven decision-making. The adoption of big data technologies has greatly improved sentiment analysis by enabling the rapid processing of unstructured big data. This review presents an in-depth analysis of sentiment analysis methodologies, covering ‎both conventional machine learning (ML) techniques-such as Naïve Bayes, Support Vector Machines, Decision Trees, and Random Forest ‎and advanced deep learning (DL) models, including Recurrent Neural Networks, Long Short-Term Memory Networks, Convolutional Neu-‎ral Networks, and Transformer-based architectures like Bidirectional Encoder Representations from Transformers (BERT) and Generative ‎Pre-trained Transformers (GPT). Furthermore, it examines big data frameworks like Hadoop, Apache Spark, and Apache Flink, along with ‎Natural Language Processing (NLP) tools such as the Natural Language Toolkit (NLTK), spaCy, TextBlob, and Stanford NLP. The paper ‎also discusses ML/DL frameworks like Scikit-learn, TensorFlow, PyTorch, and Keras, along with cloud and edge computing solutions like ‎Google Cloud Artificial Intelligence (AI), Amazon Web Services (AWS) Comprehend, and Edge AI (NVIDIA Jetson). Despite technological advancements, several challenges persist, including issues related to data quality, real-time processing limitations, multilingual analysis ‎complexities, and ethical concerns regarding bias and privacy. The field is also witnessing promising developments, such as Explainable ‎Artificial Intelligence (XAI), federated learning, edge computing, and quantum computing, which offer new directions for future research ‎and practical implementations. This review provides researchers and professionals with valuable insights, outlining potential improvements ‎in sentiment analysis techniques to enhance accuracy, scalability, and ethical considerations across various sectors, including business, ‎healthcare, and smart manufacturing‎.",https://www.semanticscholar.org/paper/f411183cd5c255b7e871be8f231c3340a8ce2abb
f611847be60ffcd5d717204f8b229773c5e22ba6,Developing Cost-Effective AI Algorithms for Resource-Constrained Devices,Hind Hameed,2025,2025-01-31,International Journal of Computers and Informatics,10.59992/ijci.2025.v4n1p3,,"Resource-restrained gadgets pose sizable challenges for deploying synthetic intelligence (AI) packages, which include restricted computational power, reminiscence, and electricity resources. This research pursuits to broaden value-effective AI algorithms that cope with these limitations whilst retaining high overall performance and accuracy. The examine leverages superior optimization strategies, such as version pruning, quantization, and dynamic strength control, to layout light-weight models appropriate for low-strength environments.
Experiments conducted on gadgets like the Raspberry Pi 4 and NVIDIA Jetson Nano screen giant improvements in inference time, electricity efficiency, and accuracy compared to conventional processes. The proposed algorithms acquire up to 50% reduction in energy consumption and 20% improvement in accuracy at the same time as lowering typical computational charges. These findings reveal the feasibility of deploying green AI solutions on constrained hardware without compromising on functionality or nice.
The practical implications of this paintings make bigger to various applications, along with real-time healthcare monitoring, clever agriculture, and commercial IoT systems. The have a look at concludes by means of highlighting areas for destiny studies, which includes improving algorithmic adaptability and expanding trying out to embody diverse eventualities. This work gives a sturdy basis for advancing the deployment of AI in resource-restricted settings, bridging the gap between technological innovation and practical implementation.
",https://www.semanticscholar.org/paper/f611847be60ffcd5d717204f8b229773c5e22ba6
f7b38b83e838aa71ebf8341c2a172d352b511da2,LLM Enabled Social Robots – Transforming Aged Care Through AI,Hassam Tahir; Samina Ansari; Naeem Bushra; Aila Khan; Michael Lwin; Fady Alnajjar; Omar Mubin,2025,2025-04-21,International Conference on Activity and Behavior Computing,10.1109/ABC64332.2025.11118445,,,https://www.semanticscholar.org/paper/f7b38b83e838aa71ebf8341c2a172d352b511da2
